branch,customer,length,fleet1,fleet2,fleet3,frequency,accuracy
SPRI,BIEL4023,1,Demolition,,,111,1
SPRI,BIEL4023,1,Air Accessories,,,70,1
SPRI,BIEL4023,1,Compaction - Rammers & Vibrating Plates,,,189,1
SPRI,BIEL4023,1,Masonry Saws,,,168,1
SPRI,BIEL4023,1,Concrete Vibe Units,,,106,1
SPRI,BIEL4023,1,Landscaping Equipment,,,138,1
SPRI,BIEL4023,1,Pumps - Hoses,,,98,1
SPRI,BIEL4023,1,Pumps - Small,,,99,1
SPRI,BIEL4023,1,Masonry Blades,,,137,1
SPRI,BIEL4023,1,Air Breakers,,,62,1
SPRI,BIEL4023,1,Air Compressors - Diesel Small,,,54,1
SPRI,BIEL4023,1,Generators - Petrol,,,103,1
SPRI,BIEL4023,1,Air Breakers - Attachments,,,95,1
SPRI,BIEL4023,2,Demolition,Air Accessories,,36,0.324324
SPRI,BIEL4023,2,Demolition,Air Breakers - Attachments,,56,0.504505
SPRI,BIEL4023,2,Demolition,Compaction - Rammers & Vibrating Plates,,79,0.711712
SPRI,BIEL4023,2,Demolition,Concrete Vibe Units,,40,0.36036
SPRI,BIEL4023,2,Demolition,Demolition,,75,0.675676
SPRI,BIEL4023,2,Demolition,Generators - Petrol,,58,0.522523
SPRI,BIEL4023,2,Demolition,Landscaping Equipment,,51,0.459459
SPRI,BIEL4023,2,Demolition,Masonry Blades,,66,0.594595
SPRI,BIEL4023,2,Demolition,Masonry Saws,,73,0.657658
SPRI,BIEL4023,2,Demolition,Pumps - Hoses,,40,0.36036
SPRI,BIEL4023,2,Demolition,Pumps - Small,,40,0.36036
SPRI,BIEL4023,3,Demolition,Air Accessories,Masonry Saws,32,0.888889
SPRI,BIEL4023,3,Demolition,Compaction - Rammers & Vibrating Plates,Air Accessories,32,0.405063
SPRI,BIEL4023,3,Demolition,Compaction - Rammers & Vibrating Plates,Air Breakers - Attachments,43,0.544304
SPRI,BIEL4023,3,Demolition,Compaction - Rammers & Vibrating Plates,Compaction - Rammers & Vibrating Plates,70,0.886076
SPRI,BIEL4023,3,Demolition,Compaction - Rammers & Vibrating Plates,Concrete Vibe Units,34,0.43038
SPRI,BIEL4023,3,Demolition,Compaction - Rammers & Vibrating Plates,Demolition,45,0.56962
SPRI,BIEL4023,3,Demolition,Compaction - Rammers & Vibrating Plates,Generators - Petrol,41,0.518987
SPRI,BIEL4023,3,Demolition,Compaction - Rammers & Vibrating Plates,Landscaping Equipment,36,0.455696
SPRI,BIEL4023,3,Demolition,Compaction - Rammers & Vibrating Plates,Masonry Blades,51,0.64557
SPRI,BIEL4023,3,Demolition,Compaction - Rammers & Vibrating Plates,Masonry Saws,55,0.696203
SPRI,BIEL4023,3,Demolition,Compaction - Rammers & Vibrating Plates,Pumps - Hoses,36,0.455696
SPRI,BIEL4023,3,Demolition,Compaction - Rammers & Vibrating Plates,Pumps - Small,35,0.443038
SPRI,BIEL4023,3,Demolition,Demolition,Air Breakers - Attachments,45,0.6
SPRI,BIEL4023,3,Demolition,Demolition,Compaction - Rammers & Vibrating Plates,59,0.786667
SPRI,BIEL4023,3,Demolition,Demolition,Demolition,55,0.733333
SPRI,BIEL4023,3,Demolition,Demolition,Generators - Petrol,43,0.573333
SPRI,BIEL4023,3,Demolition,Demolition,Landscaping Equipment,32,0.426667
SPRI,BIEL4023,3,Demolition,Demolition,Masonry Blades,45,0.6
SPRI,BIEL4023,3,Demolition,Demolition,Masonry Saws,50,0.666667
SPRI,BIEL4023,3,Demolition,Masonry Saws,Air Breakers - Attachments,36,0.493151
SPRI,BIEL4023,3,Demolition,Masonry Saws,Compaction - Rammers & Vibrating Plates,61,0.835616
SPRI,BIEL4023,3,Demolition,Masonry Saws,Concrete Vibe Units,31,0.424658
SPRI,BIEL4023,3,Demolition,Masonry Saws,Demolition,43,0.589041
SPRI,BIEL4023,3,Demolition,Masonry Saws,Generators - Petrol,37,0.506849
SPRI,BIEL4023,3,Demolition,Masonry Saws,Landscaping Equipment,35,0.479452
SPRI,BIEL4023,3,Demolition,Masonry Saws,Masonry Blades,54,0.739726
SPRI,BIEL4023,3,Demolition,Masonry Saws,Masonry Saws,61,0.835616
SPRI,BIEL4023,3,Demolition,Masonry Saws,Pumps - Hoses,32,0.438356
SPRI,BIEL4023,3,Demolition,Masonry Saws,Pumps - Small,34,0.465753
SPRI,BIEL4023,3,Demolition,Air Breakers - Attachments,Air Breakers - Attachments,42,0.75
SPRI,BIEL4023,3,Demolition,Air Breakers - Attachments,Compaction - Rammers & Vibrating Plates,46,0.821429
SPRI,BIEL4023,3,Demolition,Air Breakers - Attachments,Demolition,40,0.714286
SPRI,BIEL4023,3,Demolition,Air Breakers - Attachments,Generators - Petrol,31,0.553571
SPRI,BIEL4023,3,Demolition,Air Breakers - Attachments,Masonry Blades,37,0.660714
SPRI,BIEL4023,3,Demolition,Air Breakers - Attachments,Masonry Saws,40,0.714286
SPRI,BIEL4023,3,Demolition,Concrete Vibe Units,Compaction - Rammers & Vibrating Plates,35,0.875
SPRI,BIEL4023,3,Demolition,Concrete Vibe Units,Masonry Blades,32,0.8
SPRI,BIEL4023,3,Demolition,Concrete Vibe Units,Masonry Saws,35,0.875
SPRI,BIEL4023,3,Demolition,Generators - Petrol,Air Breakers - Attachments,37,0.637931
SPRI,BIEL4023,3,Demolition,Generators - Petrol,Compaction - Rammers & Vibrating Plates,45,0.775862
SPRI,BIEL4023,3,Demolition,Generators - Petrol,Demolition,36,0.62069
SPRI,BIEL4023,3,Demolition,Generators - Petrol,Generators - Petrol,45,0.775862
SPRI,BIEL4023,3,Demolition,Generators - Petrol,Masonry Blades,37,0.637931
SPRI,BIEL4023,3,Demolition,Generators - Petrol,Masonry Saws,41,0.706897
SPRI,BIEL4023,3,Demolition,Landscaping Equipment,Compaction - Rammers & Vibrating Plates,39,0.764706
SPRI,BIEL4023,3,Demolition,Landscaping Equipment,Masonry Blades,35,0.686275
SPRI,BIEL4023,3,Demolition,Landscaping Equipment,Masonry Saws,40,0.784314
SPRI,BIEL4023,3,Demolition,Masonry Blades,Air Breakers - Attachments,37,0.560606
SPRI,BIEL4023,3,Demolition,Masonry Blades,Compaction - Rammers & Vibrating Plates,56,0.848485
SPRI,BIEL4023,3,Demolition,Masonry Blades,Demolition,43,0.651515
SPRI,BIEL4023,3,Demolition,Masonry Blades,Generators - Petrol,36,0.545455
SPRI,BIEL4023,3,Demolition,Masonry Blades,Landscaping Equipment,33,0.5
SPRI,BIEL4023,3,Demolition,Masonry Blades,Masonry Blades,50,0.757576
SPRI,BIEL4023,3,Demolition,Masonry Blades,Masonry Saws,53,0.80303
SPRI,BIEL4023,3,Demolition,Pumps - Hoses,Compaction - Rammers & Vibrating Plates,34,0.85
SPRI,BIEL4023,3,Demolition,Pumps - Hoses,Masonry Blades,32,0.8
SPRI,BIEL4023,3,Demolition,Pumps - Hoses,Masonry Saws,36,0.9
SPRI,BIEL4023,3,Demolition,Pumps - Small,Compaction - Rammers & Vibrating Plates,36,0.9
SPRI,BIEL4023,3,Demolition,Pumps - Small,Masonry Saws,35,0.875
SPRI,BIEL4023,2,Pumps - Hoses,Air Accessories,,32,0.326531
SPRI,BIEL4023,2,Pumps - Hoses,Air Breakers - Attachments,,34,0.346939
SPRI,BIEL4023,2,Pumps - Hoses,Compaction - Rammers & Vibrating Plates,,67,0.683673
SPRI,BIEL4023,2,Pumps - Hoses,Concrete Vibe Units,,53,0.540816
SPRI,BIEL4023,2,Pumps - Hoses,Demolition,,46,0.469388
SPRI,BIEL4023,2,Pumps - Hoses,Generators - Petrol,,43,0.438776
SPRI,BIEL4023,2,Pumps - Hoses,Landscaping Equipment,,53,0.540816
SPRI,BIEL4023,2,Pumps - Hoses,Masonry Blades,,59,0.602041
SPRI,BIEL4023,2,Pumps - Hoses,Masonry Saws,,66,0.673469
SPRI,BIEL4023,2,Pumps - Hoses,Pumps - Hoses,,59,0.602041
SPRI,BIEL4023,2,Pumps - Hoses,Pumps - Small,,53,0.540816
SPRI,BIEL4023,3,Pumps - Hoses,Concrete Vibe Units,Compaction - Rammers & Vibrating Plates,43,0.811321
SPRI,BIEL4023,3,Pumps - Hoses,Concrete Vibe Units,Concrete Vibe Units,35,0.660377
SPRI,BIEL4023,3,Pumps - Hoses,Concrete Vibe Units,Masonry Blades,37,0.698113
SPRI,BIEL4023,3,Pumps - Hoses,Concrete Vibe Units,Masonry Saws,39,0.735849
SPRI,BIEL4023,3,Pumps - Hoses,Concrete Vibe Units,Pumps - Hoses,34,0.641509
SPRI,BIEL4023,3,Pumps - Hoses,Pumps - Hoses,Compaction - Rammers & Vibrating Plates,42,0.711864
SPRI,BIEL4023,3,Pumps - Hoses,Pumps - Hoses,Landscaping Equipment,32,0.542373
SPRI,BIEL4023,3,Pumps - Hoses,Pumps - Hoses,Masonry Blades,35,0.59322
SPRI,BIEL4023,3,Pumps - Hoses,Pumps - Hoses,Masonry Saws,40,0.677966
SPRI,BIEL4023,3,Pumps - Hoses,Pumps - Hoses,Pumps - Hoses,40,0.677966
SPRI,BIEL4023,3,Pumps - Hoses,Pumps - Hoses,Pumps - Small,34,0.576271
SPRI,BIEL4023,3,Pumps - Hoses,Masonry Saws,Compaction - Rammers & Vibrating Plates,52,0.787879
SPRI,BIEL4023,3,Pumps - Hoses,Masonry Saws,Concrete Vibe Units,32,0.484848
SPRI,BIEL4023,3,Pumps - Hoses,Masonry Saws,Demolition,34,0.515152
SPRI,BIEL4023,3,Pumps - Hoses,Masonry Saws,Generators - Petrol,32,0.484848
SPRI,BIEL4023,3,Pumps - Hoses,Masonry Saws,Landscaping Equipment,37,0.560606
SPRI,BIEL4023,3,Pumps - Hoses,Masonry Saws,Masonry Blades,49,0.742424
SPRI,BIEL4023,3,Pumps - Hoses,Masonry Saws,Masonry Saws,57,0.863636
SPRI,BIEL4023,3,Pumps - Hoses,Masonry Saws,Pumps - Hoses,34,0.515152
SPRI,BIEL4023,3,Pumps - Hoses,Masonry Saws,Pumps - Small,32,0.484848
SPRI,BIEL4023,3,Pumps - Hoses,Air Breakers - Attachments,Masonry Blades,32,0.941176
SPRI,BIEL4023,3,Pumps - Hoses,Air Breakers - Attachments,Masonry Saws,32,0.941176
SPRI,BIEL4023,3,Pumps - Hoses,Masonry Blades,Compaction - Rammers & Vibrating Plates,47,0.79661
SPRI,BIEL4023,3,Pumps - Hoses,Masonry Blades,Concrete Vibe Units,32,0.542373
SPRI,BIEL4023,3,Pumps - Hoses,Masonry Blades,Demolition,32,0.542373
SPRI,BIEL4023,3,Pumps - Hoses,Masonry Blades,Generators - Petrol,31,0.525424
SPRI,BIEL4023,3,Pumps - Hoses,Masonry Blades,Landscaping Equipment,34,0.576271
SPRI,BIEL4023,3,Pumps - Hoses,Masonry Blades,Masonry Blades,47,0.79661
SPRI,BIEL4023,3,Pumps - Hoses,Masonry Blades,Masonry Saws,50,0.847458
SPRI,BIEL4023,3,Pumps - Hoses,Compaction - Rammers & Vibrating Plates,Compaction - Rammers & Vibrating Plates,58,0.865672
SPRI,BIEL4023,3,Pumps - Hoses,Compaction - Rammers & Vibrating Plates,Demolition,37,0.552239
SPRI,BIEL4023,3,Pumps - Hoses,Compaction - Rammers & Vibrating Plates,Generators - Petrol,33,0.492537
SPRI,BIEL4023,3,Pumps - Hoses,Compaction - Rammers & Vibrating Plates,Landscaping Equipment,40,0.597015
SPRI,BIEL4023,3,Pumps - Hoses,Compaction - Rammers & Vibrating Plates,Masonry Blades,52,0.776119
SPRI,BIEL4023,3,Pumps - Hoses,Compaction - Rammers & Vibrating Plates,Masonry Saws,54,0.80597
SPRI,BIEL4023,3,Pumps - Hoses,Compaction - Rammers & Vibrating Plates,Pumps - Hoses,34,0.507463
SPRI,BIEL4023,3,Pumps - Hoses,Compaction - Rammers & Vibrating Plates,Pumps - Small,35,0.522388
SPRI,BIEL4023,3,Pumps - Hoses,Pumps - Small,Compaction - Rammers & Vibrating Plates,44,0.830189
SPRI,BIEL4023,3,Pumps - Hoses,Pumps - Small,Masonry Blades,33,0.622642
SPRI,BIEL4023,3,Pumps - Hoses,Pumps - Small,Masonry Saws,36,0.679245
SPRI,BIEL4023,3,Pumps - Hoses,Pumps - Small,Pumps - Hoses,34,0.641509
SPRI,BIEL4023,3,Pumps - Hoses,Pumps - Small,Pumps - Small,36,0.679245
SPRI,BIEL4023,3,Pumps - Hoses,Demolition,Compaction - Rammers & Vibrating Plates,37,0.804348
SPRI,BIEL4023,3,Pumps - Hoses,Demolition,Demolition,31,0.673913
SPRI,BIEL4023,3,Pumps - Hoses,Demolition,Masonry Blades,36,0.782609
SPRI,BIEL4023,3,Pumps - Hoses,Demolition,Masonry Saws,37,0.804348
SPRI,BIEL4023,3,Pumps - Hoses,Generators - Petrol,Compaction - Rammers & Vibrating Plates,36,0.837209
SPRI,BIEL4023,3,Pumps - Hoses,Generators - Petrol,Generators - Petrol,32,0.744186
SPRI,BIEL4023,3,Pumps - Hoses,Generators - Petrol,Masonry Blades,34,0.790698
SPRI,BIEL4023,3,Pumps - Hoses,Generators - Petrol,Masonry Saws,36,0.837209
SPRI,BIEL4023,3,Pumps - Hoses,Landscaping Equipment,Compaction - Rammers & Vibrating Plates,35,0.660377
SPRI,BIEL4023,3,Pumps - Hoses,Landscaping Equipment,Landscaping Equipment,32,0.603774
SPRI,BIEL4023,3,Pumps - Hoses,Landscaping Equipment,Masonry Blades,33,0.622642
SPRI,BIEL4023,3,Pumps - Hoses,Landscaping Equipment,Masonry Saws,36,0.679245
SPRI,BIEL4023,2,Air Accessories,Air Accessories,,33,0.471429
SPRI,BIEL4023,2,Air Accessories,Air Breakers,,32,0.457143
SPRI,BIEL4023,2,Air Accessories,Air Breakers - Attachments,,40,0.571429
SPRI,BIEL4023,2,Air Accessories,Compaction - Rammers & Vibrating Plates,,50,0.714286
SPRI,BIEL4023,2,Air Accessories,Concrete Vibe Units,,35,0.5
SPRI,BIEL4023,2,Air Accessories,Demolition,,40,0.571429
SPRI,BIEL4023,2,Air Accessories,Generators - Petrol,,35,0.5
SPRI,BIEL4023,2,Air Accessories,Landscaping Equipment,,38,0.542857
SPRI,BIEL4023,2,Air Accessories,Masonry Blades,,48,0.685714
SPRI,BIEL4023,2,Air Accessories,Masonry Saws,,51,0.728571
SPRI,BIEL4023,3,Air Accessories,Demolition,Compaction - Rammers & Vibrating Plates,34,0.85
SPRI,BIEL4023,3,Air Accessories,Generators - Petrol,Generators - Petrol,31,0.885714
SPRI,BIEL4023,3,Air Accessories,Air Breakers - Attachments,Compaction - Rammers & Vibrating Plates,34,0.85
SPRI,BIEL4023,3,Air Accessories,Masonry Blades,Compaction - Rammers & Vibrating Plates,38,0.791667
SPRI,BIEL4023,3,Air Accessories,Masonry Blades,Masonry Blades,31,0.645833
SPRI,BIEL4023,3,Air Accessories,Masonry Blades,Masonry Saws,32,0.666667
SPRI,BIEL4023,3,Air Accessories,Compaction - Rammers & Vibrating Plates,Compaction - Rammers & Vibrating Plates,45,0.9
SPRI,BIEL4023,3,Air Accessories,Compaction - Rammers & Vibrating Plates,Demolition,32,0.64
SPRI,BIEL4023,3,Air Accessories,Compaction - Rammers & Vibrating Plates,Masonry Blades,32,0.64
SPRI,BIEL4023,3,Air Accessories,Compaction - Rammers & Vibrating Plates,Masonry Saws,34,0.68
SPRI,BIEL4023,3,Air Accessories,Concrete Vibe Units,Compaction - Rammers & Vibrating Plates,31,0.885714
SPRI,BIEL4023,3,Air Accessories,Masonry Saws,Compaction - Rammers & Vibrating Plates,42,0.823529
SPRI,BIEL4023,3,Air Accessories,Masonry Saws,Demolition,32,0.627451
SPRI,BIEL4023,3,Air Accessories,Masonry Saws,Generators - Petrol,32,0.627451
SPRI,BIEL4023,3,Air Accessories,Masonry Saws,Masonry Blades,34,0.666667
SPRI,BIEL4023,3,Air Accessories,Masonry Saws,Masonry Saws,36,0.705882
SPRI,BIEL4023,2,Pumps - Small,Air Accessories,,32,0.323232
SPRI,BIEL4023,2,Pumps - Small,Air Breakers - Attachments,,39,0.393939
SPRI,BIEL4023,2,Pumps - Small,Compaction - Rammers & Vibrating Plates,,73,0.737374
SPRI,BIEL4023,2,Pumps - Small,Concrete Vibe Units,,55,0.555556
SPRI,BIEL4023,2,Pumps - Small,Demolition,,48,0.484848
SPRI,BIEL4023,2,Pumps - Small,Generators - Petrol,,43,0.434343
SPRI,BIEL4023,2,Pumps - Small,Landscaping Equipment,,53,0.535354
SPRI,BIEL4023,2,Pumps - Small,Masonry Blades,,62,0.626263
SPRI,BIEL4023,2,Pumps - Small,Masonry Saws,,68,0.686869
SPRI,BIEL4023,2,Pumps - Small,Pumps - Hoses,,56,0.565657
SPRI,BIEL4023,2,Pumps - Small,Pumps - Small,,57,0.575758
SPRI,BIEL4023,3,Pumps - Small,Generators - Petrol,Compaction - Rammers & Vibrating Plates,35,0.813953
SPRI,BIEL4023,3,Pumps - Small,Generators - Petrol,Generators - Petrol,32,0.744186
SPRI,BIEL4023,3,Pumps - Small,Generators - Petrol,Masonry Blades,32,0.744186
SPRI,BIEL4023,3,Pumps - Small,Generators - Petrol,Masonry Saws,34,0.790698
SPRI,BIEL4023,3,Pumps - Small,Air Breakers - Attachments,Compaction - Rammers & Vibrating Plates,32,0.820513
SPRI,BIEL4023,3,Pumps - Small,Air Breakers - Attachments,Masonry Blades,35,0.897436
SPRI,BIEL4023,3,Pumps - Small,Air Breakers - Attachments,Masonry Saws,34,0.871795
SPRI,BIEL4023,3,Pumps - Small,Demolition,Compaction - Rammers & Vibrating Plates,39,0.8125
SPRI,BIEL4023,3,Pumps - Small,Demolition,Demolition,31,0.645833
SPRI,BIEL4023,3,Pumps - Small,Demolition,Masonry Blades,37,0.770833
SPRI,BIEL4023,3,Pumps - Small,Demolition,Masonry Saws,38,0.791667
SPRI,BIEL4023,3,Pumps - Small,Landscaping Equipment,Compaction - Rammers & Vibrating Plates,35,0.660377
SPRI,BIEL4023,3,Pumps - Small,Landscaping Equipment,Landscaping Equipment,31,0.584906
SPRI,BIEL4023,3,Pumps - Small,Landscaping Equipment,Masonry Blades,33,0.622642
SPRI,BIEL4023,3,Pumps - Small,Landscaping Equipment,Masonry Saws,36,0.679245
SPRI,BIEL4023,3,Pumps - Small,Compaction - Rammers & Vibrating Plates,Air Breakers - Attachments,33,0.452055
SPRI,BIEL4023,3,Pumps - Small,Compaction - Rammers & Vibrating Plates,Compaction - Rammers & Vibrating Plates,62,0.849315
SPRI,BIEL4023,3,Pumps - Small,Compaction - Rammers & Vibrating Plates,Concrete Vibe Units,33,0.452055
SPRI,BIEL4023,3,Pumps - Small,Compaction - Rammers & Vibrating Plates,Demolition,39,0.534247
SPRI,BIEL4023,3,Pumps - Small,Compaction - Rammers & Vibrating Plates,Generators - Petrol,35,0.479452
SPRI,BIEL4023,3,Pumps - Small,Compaction - Rammers & Vibrating Plates,Landscaping Equipment,42,0.575342
SPRI,BIEL4023,3,Pumps - Small,Compaction - Rammers & Vibrating Plates,Masonry Blades,55,0.753425
SPRI,BIEL4023,3,Pumps - Small,Compaction - Rammers & Vibrating Plates,Masonry Saws,57,0.780822
SPRI,BIEL4023,3,Pumps - Small,Compaction - Rammers & Vibrating Plates,Pumps - Hoses,35,0.479452
SPRI,BIEL4023,3,Pumps - Small,Compaction - Rammers & Vibrating Plates,Pumps - Small,35,0.479452
SPRI,BIEL4023,3,Pumps - Small,Concrete Vibe Units,Compaction - Rammers & Vibrating Plates,44,0.8
SPRI,BIEL4023,3,Pumps - Small,Concrete Vibe Units,Concrete Vibe Units,37,0.672727
SPRI,BIEL4023,3,Pumps - Small,Concrete Vibe Units,Generators - Petrol,31,0.563636
SPRI,BIEL4023,3,Pumps - Small,Concrete Vibe Units,Masonry Blades,36,0.654545
SPRI,BIEL4023,3,Pumps - Small,Concrete Vibe Units,Masonry Saws,39,0.709091
SPRI,BIEL4023,3,Pumps - Small,Concrete Vibe Units,Pumps - Hoses,34,0.618182
SPRI,BIEL4023,3,Pumps - Small,Masonry Blades,Compaction - Rammers & Vibrating Plates,50,0.806452
SPRI,BIEL4023,3,Pumps - Small,Masonry Blades,Concrete Vibe Units,35,0.564516
SPRI,BIEL4023,3,Pumps - Small,Masonry Blades,Demolition,34,0.548387
SPRI,BIEL4023,3,Pumps - Small,Masonry Blades,Generators - Petrol,33,0.532258
SPRI,BIEL4023,3,Pumps - Small,Masonry Blades,Landscaping Equipment,35,0.564516
SPRI,BIEL4023,3,Pumps - Small,Masonry Blades,Masonry Blades,49,0.790323
SPRI,BIEL4023,3,Pumps - Small,Masonry Blades,Masonry Saws,51,0.822581
SPRI,BIEL4023,3,Pumps - Small,Masonry Blades,Pumps - Hoses,31,0.5
SPRI,BIEL4023,3,Pumps - Small,Masonry Blades,Pumps - Small,32,0.516129
SPRI,BIEL4023,3,Pumps - Small,Masonry Saws,Compaction - Rammers & Vibrating Plates,56,0.823529
SPRI,BIEL4023,3,Pumps - Small,Masonry Saws,Concrete Vibe Units,35,0.514706
SPRI,BIEL4023,3,Pumps - Small,Masonry Saws,Demolition,36,0.529412
SPRI,BIEL4023,3,Pumps - Small,Masonry Saws,Generators - Petrol,34,0.5
SPRI,BIEL4023,3,Pumps - Small,Masonry Saws,Landscaping Equipment,38,0.558824
SPRI,BIEL4023,3,Pumps - Small,Masonry Saws,Masonry Blades,51,0.75
SPRI,BIEL4023,3,Pumps - Small,Masonry Saws,Masonry Saws,57,0.838235
SPRI,BIEL4023,3,Pumps - Small,Masonry Saws,Pumps - Hoses,34,0.5
SPRI,BIEL4023,3,Pumps - Small,Masonry Saws,Pumps - Small,34,0.5
SPRI,BIEL4023,3,Pumps - Small,Pumps - Hoses,Compaction - Rammers & Vibrating Plates,42,0.75
SPRI,BIEL4023,3,Pumps - Small,Pumps - Hoses,Masonry Blades,34,0.607143
SPRI,BIEL4023,3,Pumps - Small,Pumps - Hoses,Masonry Saws,38,0.678571
SPRI,BIEL4023,3,Pumps - Small,Pumps - Hoses,Pumps - Hoses,39,0.696429
SPRI,BIEL4023,3,Pumps - Small,Pumps - Hoses,Pumps - Small,35,0.625
SPRI,BIEL4023,3,Pumps - Small,Pumps - Small,Compaction - Rammers & Vibrating Plates,45,0.789474
SPRI,BIEL4023,3,Pumps - Small,Pumps - Small,Concrete Vibe Units,31,0.54386
SPRI,BIEL4023,3,Pumps - Small,Pumps - Small,Masonry Blades,36,0.631579
SPRI,BIEL4023,3,Pumps - Small,Pumps - Small,Masonry Saws,39,0.684211
SPRI,BIEL4023,3,Pumps - Small,Pumps - Small,Pumps - Hoses,36,0.631579
SPRI,BIEL4023,3,Pumps - Small,Pumps - Small,Pumps - Small,37,0.649123
SPRI,BIEL4023,2,Compaction - Rammers & Vibrating Plates,Air Accessories,,51,0.269841
SPRI,BIEL4023,2,Compaction - Rammers & Vibrating Plates,Air Breakers,,44,0.232804
SPRI,BIEL4023,2,Compaction - Rammers & Vibrating Plates,Air Breakers - Attachments,,69,0.365079
SPRI,BIEL4023,2,Compaction - Rammers & Vibrating Plates,Air Compressors - Diesel Small,,39,0.206349
SPRI,BIEL4023,2,Compaction - Rammers & Vibrating Plates,Compaction - Rammers & Vibrating Plates,,163,0.862434
SPRI,BIEL4023,2,Compaction - Rammers & Vibrating Plates,Concrete Vibe Units,,65,0.343915
SPRI,BIEL4023,2,Compaction - Rammers & Vibrating Plates,Demolition,,74,0.391534
SPRI,BIEL4023,2,Compaction - Rammers & Vibrating Plates,Generators - Petrol,,67,0.354497
SPRI,BIEL4023,2,Compaction - Rammers & Vibrating Plates,Landscaping Equipment,,73,0.386243
SPRI,BIEL4023,2,Compaction - Rammers & Vibrating Plates,Masonry Blades,,95,0.502646
SPRI,BIEL4023,2,Compaction - Rammers & Vibrating Plates,Masonry Saws,,106,0.560847
SPRI,BIEL4023,2,Compaction - Rammers & Vibrating Plates,Pumps - Hoses,,62,0.328042
SPRI,BIEL4023,2,Compaction - Rammers & Vibrating Plates,Pumps - Small,,65,0.343915
SPRI,BIEL4023,3,Compaction - Rammers & Vibrating Plates,Air Accessories,Air Breakers - Attachments,34,0.666667
SPRI,BIEL4023,3,Compaction - Rammers & Vibrating Plates,Air Accessories,Compaction - Rammers & Vibrating Plates,40,0.784314
SPRI,BIEL4023,3,Compaction - Rammers & Vibrating Plates,Air Accessories,Demolition,37,0.72549
SPRI,BIEL4023,3,Compaction - Rammers & Vibrating Plates,Air Accessories,Masonry Blades,37,0.72549
SPRI,BIEL4023,3,Compaction - Rammers & Vibrating Plates,Air Accessories,Masonry Saws,39,0.764706
SPRI,BIEL4023,3,Compaction - Rammers & Vibrating Plates,Air Breakers,Compaction - Rammers & Vibrating Plates,36,0.818182
SPRI,BIEL4023,3,Compaction - Rammers & Vibrating Plates,Air Breakers,Demolition,33,0.75
SPRI,BIEL4023,3,Compaction - Rammers & Vibrating Plates,Air Breakers,Masonry Blades,31,0.704545
SPRI,BIEL4023,3,Compaction - Rammers & Vibrating Plates,Air Breakers,Masonry Saws,33,0.75
SPRI,BIEL4023,3,Compaction - Rammers & Vibrating Plates,Air Breakers - Attachments,Air Accessories,33,0.478261
SPRI,BIEL4023,3,Compaction - Rammers & Vibrating Plates,Air Breakers - Attachments,Air Breakers - Attachments,53,0.768116
SPRI,BIEL4023,3,Compaction - Rammers & Vibrating Plates,Air Breakers - Attachments,Compaction - Rammers & Vibrating Plates,58,0.84058
SPRI,BIEL4023,3,Compaction - Rammers & Vibrating Plates,Air Breakers - Attachments,Concrete Vibe Units,35,0.507246
SPRI,BIEL4023,3,Compaction - Rammers & Vibrating Plates,Air Breakers - Attachments,Demolition,50,0.724638
SPRI,BIEL4023,3,Compaction - Rammers & Vibrating Plates,Air Breakers - Attachments,Generators - Petrol,43,0.623188
SPRI,BIEL4023,3,Compaction - Rammers & Vibrating Plates,Air Breakers - Attachments,Masonry Blades,47,0.681159
SPRI,BIEL4023,3,Compaction - Rammers & Vibrating Plates,Air Breakers - Attachments,Masonry Saws,51,0.73913
SPRI,BIEL4023,3,Compaction - Rammers & Vibrating Plates,Air Breakers - Attachments,Pumps - Hoses,32,0.463768
SPRI,BIEL4023,3,Compaction - Rammers & Vibrating Plates,Air Breakers - Attachments,Pumps - Small,31,0.449275
SPRI,BIEL4023,3,Compaction - Rammers & Vibrating Plates,Air Compressors - Diesel Small,Compaction - Rammers & Vibrating Plates,31,0.794872
SPRI,BIEL4023,3,Compaction - Rammers & Vibrating Plates,Air Compressors - Diesel Small,Masonry Saws,31,0.794872
SPRI,BIEL4023,3,Compaction - Rammers & Vibrating Plates,Concrete Vibe Units,Compaction - Rammers & Vibrating Plates,50,0.769231
SPRI,BIEL4023,3,Compaction - Rammers & Vibrating Plates,Concrete Vibe Units,Concrete Vibe Units,45,0.692308
SPRI,BIEL4023,3,Compaction - Rammers & Vibrating Plates,Concrete Vibe Units,Demolition,38,0.584615
SPRI,BIEL4023,3,Compaction - Rammers & Vibrating Plates,Concrete Vibe Units,Generators - Petrol,41,0.630769
SPRI,BIEL4023,3,Compaction - Rammers & Vibrating Plates,Concrete Vibe Units,Masonry Blades,45,0.692308
SPRI,BIEL4023,3,Compaction - Rammers & Vibrating Plates,Concrete Vibe Units,Masonry Saws,49,0.753846
SPRI,BIEL4023,3,Compaction - Rammers & Vibrating Plates,Concrete Vibe Units,Pumps - Hoses,36,0.553846
SPRI,BIEL4023,3,Compaction - Rammers & Vibrating Plates,Concrete Vibe Units,Pumps - Small,34,0.523077
SPRI,BIEL4023,3,Compaction - Rammers & Vibrating Plates,Masonry Blades,Air Accessories,39,0.410526
SPRI,BIEL4023,3,Compaction - Rammers & Vibrating Plates,Masonry Blades,Air Breakers,32,0.336842
SPRI,BIEL4023,3,Compaction - Rammers & Vibrating Plates,Masonry Blades,Air Breakers - Attachments,49,0.515789
SPRI,BIEL4023,3,Compaction - Rammers & Vibrating Plates,Masonry Blades,Compaction - Rammers & Vibrating Plates,72,0.757895
SPRI,BIEL4023,3,Compaction - Rammers & Vibrating Plates,Masonry Blades,Concrete Vibe Units,48,0.505263
SPRI,BIEL4023,3,Compaction - Rammers & Vibrating Plates,Masonry Blades,Demolition,52,0.547368
SPRI,BIEL4023,3,Compaction - Rammers & Vibrating Plates,Masonry Blades,Generators - Petrol,52,0.547368
SPRI,BIEL4023,3,Compaction - Rammers & Vibrating Plates,Masonry Blades,Landscaping Equipment,44,0.463158
SPRI,BIEL4023,3,Compaction - Rammers & Vibrating Plates,Masonry Blades,Masonry Blades,73,0.768421
SPRI,BIEL4023,3,Compaction - Rammers & Vibrating Plates,Masonry Blades,Masonry Saws,79,0.831579
SPRI,BIEL4023,3,Compaction - Rammers & Vibrating Plates,Masonry Blades,Pumps - Hoses,41,0.431579
SPRI,BIEL4023,3,Compaction - Rammers & Vibrating Plates,Masonry Blades,Pumps - Small,42,0.442105
SPRI,BIEL4023,3,Compaction - Rammers & Vibrating Plates,Demolition,Air Accessories,32,0.432432
SPRI,BIEL4023,3,Compaction - Rammers & Vibrating Plates,Demolition,Air Breakers - Attachments,44,0.594595
SPRI,BIEL4023,3,Compaction - Rammers & Vibrating Plates,Demolition,Compaction - Rammers & Vibrating Plates,62,0.837838
SPRI,BIEL4023,3,Compaction - Rammers & Vibrating Plates,Demolition,Concrete Vibe Units,33,0.445946
SPRI,BIEL4023,3,Compaction - Rammers & Vibrating Plates,Demolition,Demolition,53,0.716216
SPRI,BIEL4023,3,Compaction - Rammers & Vibrating Plates,Demolition,Generators - Petrol,50,0.675676
SPRI,BIEL4023,3,Compaction - Rammers & Vibrating Plates,Demolition,Landscaping Equipment,38,0.513514
SPRI,BIEL4023,3,Compaction - Rammers & Vibrating Plates,Demolition,Masonry Blades,50,0.675676
SPRI,BIEL4023,3,Compaction - Rammers & Vibrating Plates,Demolition,Masonry Saws,54,0.72973
SPRI,BIEL4023,3,Compaction - Rammers & Vibrating Plates,Demolition,Pumps - Hoses,31,0.418919
SPRI,BIEL4023,3,Compaction - Rammers & Vibrating Plates,Compaction - Rammers & Vibrating Plates,Air Accessories,48,0.294479
SPRI,BIEL4023,3,Compaction - Rammers & Vibrating Plates,Compaction - Rammers & Vibrating Plates,Air Breakers,42,0.257669
SPRI,BIEL4023,3,Compaction - Rammers & Vibrating Plates,Compaction - Rammers & Vibrating Plates,Air Breakers - Attachments,67,0.411043
SPRI,BIEL4023,3,Compaction - Rammers & Vibrating Plates,Compaction - Rammers & Vibrating Plates,Air Compressors - Diesel Small,37,0.226994
SPRI,BIEL4023,3,Compaction - Rammers & Vibrating Plates,Compaction - Rammers & Vibrating Plates,Compaction - Rammers & Vibrating Plates,143,0.877301
SPRI,BIEL4023,3,Compaction - Rammers & Vibrating Plates,Compaction - Rammers & Vibrating Plates,Concrete Vibe Units,58,0.355828
SPRI,BIEL4023,3,Compaction - Rammers & Vibrating Plates,Compaction - Rammers & Vibrating Plates,Demolition,66,0.404908
SPRI,BIEL4023,3,Compaction - Rammers & Vibrating Plates,Compaction - Rammers & Vibrating Plates,Generators - Petrol,65,0.398773
SPRI,BIEL4023,3,Compaction - Rammers & Vibrating Plates,Compaction - Rammers & Vibrating Plates,Landscaping Equipment,62,0.380368
SPRI,BIEL4023,3,Compaction - Rammers & Vibrating Plates,Compaction - Rammers & Vibrating Plates,Masonry Blades,84,0.515337
SPRI,BIEL4023,3,Compaction - Rammers & Vibrating Plates,Compaction - Rammers & Vibrating Plates,Masonry Saws,92,0.564417
SPRI,BIEL4023,3,Compaction - Rammers & Vibrating Plates,Compaction - Rammers & Vibrating Plates,Pumps - Hoses,55,0.337423
SPRI,BIEL4023,3,Compaction - Rammers & Vibrating Plates,Compaction - Rammers & Vibrating Plates,Pumps - Small,55,0.337423
SPRI,BIEL4023,3,Compaction - Rammers & Vibrating Plates,Generators - Petrol,Air Accessories,32,0.477612
SPRI,BIEL4023,3,Compaction - Rammers & Vibrating Plates,Generators - Petrol,Air Breakers - Attachments,45,0.671642
SPRI,BIEL4023,3,Compaction - Rammers & Vibrating Plates,Generators - Petrol,Compaction - Rammers & Vibrating Plates,57,0.850746
SPRI,BIEL4023,3,Compaction - Rammers & Vibrating Plates,Generators - Petrol,Concrete Vibe Units,35,0.522388
SPRI,BIEL4023,3,Compaction - Rammers & Vibrating Plates,Generators - Petrol,Demolition,47,0.701493
SPRI,BIEL4023,3,Compaction - Rammers & Vibrating Plates,Generators - Petrol,Generators - Petrol,56,0.835821
SPRI,BIEL4023,3,Compaction - Rammers & Vibrating Plates,Generators - Petrol,Masonry Blades,46,0.686567
SPRI,BIEL4023,3,Compaction - Rammers & Vibrating Plates,Generators - Petrol,Masonry Saws,51,0.761194
SPRI,BIEL4023,3,Compaction - Rammers & Vibrating Plates,Landscaping Equipment,Air Breakers - Attachments,34,0.465753
SPRI,BIEL4023,3,Compaction - Rammers & Vibrating Plates,Landscaping Equipment,Compaction - Rammers & Vibrating Plates,57,0.780822
SPRI,BIEL4023,3,Compaction - Rammers & Vibrating Plates,Landscaping Equipment,Concrete Vibe Units,35,0.479452
SPRI,BIEL4023,3,Compaction - Rammers & Vibrating Plates,Landscaping Equipment,Demolition,35,0.479452
SPRI,BIEL4023,3,Compaction - Rammers & Vibrating Plates,Landscaping Equipment,Generators - Petrol,36,0.493151
SPRI,BIEL4023,3,Compaction - Rammers & Vibrating Plates,Landscaping Equipment,Landscaping Equipment,41,0.561644
SPRI,BIEL4023,3,Compaction - Rammers & Vibrating Plates,Landscaping Equipment,Masonry Blades,47,0.643836
SPRI,BIEL4023,3,Compaction - Rammers & Vibrating Plates,Landscaping Equipment,Masonry Saws,55,0.753425
SPRI,BIEL4023,3,Compaction - Rammers & Vibrating Plates,Landscaping Equipment,Pumps - Hoses,32,0.438356
SPRI,BIEL4023,3,Compaction - Rammers & Vibrating Plates,Landscaping Equipment,Pumps - Small,31,0.424658
SPRI,BIEL4023,3,Compaction - Rammers & Vibrating Plates,Masonry Saws,Air Accessories,40,0.377358
SPRI,BIEL4023,3,Compaction - Rammers & Vibrating Plates,Masonry Saws,Air Breakers,34,0.320755
SPRI,BIEL4023,3,Compaction - Rammers & Vibrating Plates,Masonry Saws,Air Breakers - Attachments,53,0.5
SPRI,BIEL4023,3,Compaction - Rammers & Vibrating Plates,Masonry Saws,Air Compressors - Diesel Small,31,0.292453
SPRI,BIEL4023,3,Compaction - Rammers & Vibrating Plates,Masonry Saws,Compaction - Rammers & Vibrating Plates,79,0.745283
SPRI,BIEL4023,3,Compaction - Rammers & Vibrating Plates,Masonry Saws,Concrete Vibe Units,51,0.481132
SPRI,BIEL4023,3,Compaction - Rammers & Vibrating Plates,Masonry Saws,Demolition,57,0.537736
SPRI,BIEL4023,3,Compaction - Rammers & Vibrating Plates,Masonry Saws,Generators - Petrol,55,0.518868
SPRI,BIEL4023,3,Compaction - Rammers & Vibrating Plates,Masonry Saws,Landscaping Equipment,47,0.443396
SPRI,BIEL4023,3,Compaction - Rammers & Vibrating Plates,Masonry Saws,Masonry Blades,79,0.745283
SPRI,BIEL4023,3,Compaction - Rammers & Vibrating Plates,Masonry Saws,Masonry Saws,88,0.830189
SPRI,BIEL4023,3,Compaction - Rammers & Vibrating Plates,Masonry Saws,Pumps - Hoses,44,0.415094
SPRI,BIEL4023,3,Compaction - Rammers & Vibrating Plates,Masonry Saws,Pumps - Small,46,0.433962
SPRI,BIEL4023,3,Compaction - Rammers & Vibrating Plates,Pumps - Hoses,Compaction - Rammers & Vibrating Plates,48,0.774194
SPRI,BIEL4023,3,Compaction - Rammers & Vibrating Plates,Pumps - Hoses,Concrete Vibe Units,42,0.677419
SPRI,BIEL4023,3,Compaction - Rammers & Vibrating Plates,Pumps - Hoses,Demolition,37,0.596774
SPRI,BIEL4023,3,Compaction - Rammers & Vibrating Plates,Pumps - Hoses,Generators - Petrol,36,0.580645
SPRI,BIEL4023,3,Compaction - Rammers & Vibrating Plates,Pumps - Hoses,Landscaping Equipment,33,0.532258
SPRI,BIEL4023,3,Compaction - Rammers & Vibrating Plates,Pumps - Hoses,Masonry Blades,43,0.693548
SPRI,BIEL4023,3,Compaction - Rammers & Vibrating Plates,Pumps - Hoses,Masonry Saws,48,0.774194
SPRI,BIEL4023,3,Compaction - Rammers & Vibrating Plates,Pumps - Hoses,Pumps - Hoses,41,0.66129
SPRI,BIEL4023,3,Compaction - Rammers & Vibrating Plates,Pumps - Hoses,Pumps - Small,38,0.612903
SPRI,BIEL4023,3,Compaction - Rammers & Vibrating Plates,Pumps - Small,Air Breakers - Attachments,33,0.507692
SPRI,BIEL4023,3,Compaction - Rammers & Vibrating Plates,Pumps - Small,Compaction - Rammers & Vibrating Plates,53,0.815385
SPRI,BIEL4023,3,Compaction - Rammers & Vibrating Plates,Pumps - Small,Concrete Vibe Units,44,0.676923
SPRI,BIEL4023,3,Compaction - Rammers & Vibrating Plates,Pumps - Small,Demolition,40,0.615385
SPRI,BIEL4023,3,Compaction - Rammers & Vibrating Plates,Pumps - Small,Generators - Petrol,36,0.553846
SPRI,BIEL4023,3,Compaction - Rammers & Vibrating Plates,Pumps - Small,Landscaping Equipment,37,0.569231
SPRI,BIEL4023,3,Compaction - Rammers & Vibrating Plates,Pumps - Small,Masonry Blades,46,0.707692
SPRI,BIEL4023,3,Compaction - Rammers & Vibrating Plates,Pumps - Small,Masonry Saws,50,0.769231
SPRI,BIEL4023,3,Compaction - Rammers & Vibrating Plates,Pumps - Small,Pumps - Hoses,39,0.6
SPRI,BIEL4023,3,Compaction - Rammers & Vibrating Plates,Pumps - Small,Pumps - Small,40,0.615385
SPRI,BIEL4023,2,Masonry Saws,Air Accessories,,46,0.27381
SPRI,BIEL4023,2,Masonry Saws,Air Breakers,,39,0.232143
SPRI,BIEL4023,2,Masonry Saws,Air Breakers - Attachments,,64,0.380952
SPRI,BIEL4023,2,Masonry Saws,Air Compressors - Diesel Small,,36,0.214286
SPRI,BIEL4023,2,Masonry Saws,Compaction - Rammers & Vibrating Plates,,107,0.636905
SPRI,BIEL4023,2,Masonry Saws,Concrete Vibe Units,,67,0.39881
SPRI,BIEL4023,2,Masonry Saws,Demolition,,71,0.422619
SPRI,BIEL4023,2,Masonry Saws,Generators - Petrol,,62,0.369048
SPRI,BIEL4023,2,Masonry Saws,Landscaping Equipment,,70,0.416667
SPRI,BIEL4023,2,Masonry Saws,Masonry Blades,,107,0.636905
SPRI,BIEL4023,2,Masonry Saws,Masonry Saws,,131,0.779762
SPRI,BIEL4023,2,Masonry Saws,Pumps - Hoses,,62,0.369048
SPRI,BIEL4023,2,Masonry Saws,Pumps - Small,,62,0.369048
SPRI,BIEL4023,3,Masonry Saws,Air Accessories,Compaction - Rammers & Vibrating Plates,40,0.869565
SPRI,BIEL4023,3,Masonry Saws,Air Accessories,Masonry Blades,35,0.76087
SPRI,BIEL4023,3,Masonry Saws,Air Accessories,Masonry Saws,38,0.826087
SPRI,BIEL4023,3,Masonry Saws,Concrete Vibe Units,Compaction - Rammers & Vibrating Plates,54,0.80597
SPRI,BIEL4023,3,Masonry Saws,Concrete Vibe Units,Concrete Vibe Units,44,0.656716
SPRI,BIEL4023,3,Masonry Saws,Concrete Vibe Units,Demolition,36,0.537313
SPRI,BIEL4023,3,Masonry Saws,Concrete Vibe Units,Generators - Petrol,36,0.537313
SPRI,BIEL4023,3,Masonry Saws,Concrete Vibe Units,Landscaping Equipment,36,0.537313
SPRI,BIEL4023,3,Masonry Saws,Concrete Vibe Units,Masonry Blades,48,0.716418
SPRI,BIEL4023,3,Masonry Saws,Concrete Vibe Units,Masonry Saws,52,0.776119
SPRI,BIEL4023,3,Masonry Saws,Concrete Vibe Units,Pumps - Hoses,38,0.567164
SPRI,BIEL4023,3,Masonry Saws,Concrete Vibe Units,Pumps - Small,38,0.567164
SPRI,BIEL4023,3,Masonry Saws,Air Breakers,Compaction - Rammers & Vibrating Plates,34,0.871795
SPRI,BIEL4023,3,Masonry Saws,Masonry Saws,Air Accessories,39,0.29771
SPRI,BIEL4023,3,Masonry Saws,Masonry Saws,Air Breakers,34,0.259542
SPRI,BIEL4023,3,Masonry Saws,Masonry Saws,Air Breakers - Attachments,57,0.435115
SPRI,BIEL4023,3,Masonry Saws,Masonry Saws,Compaction - Rammers & Vibrating Plates,91,0.694656
SPRI,BIEL4023,3,Masonry Saws,Masonry Saws,Concrete Vibe Units,55,0.419847
SPRI,BIEL4023,3,Masonry Saws,Masonry Saws,Demolition,62,0.473282
SPRI,BIEL4023,3,Masonry Saws,Masonry Saws,Generators - Petrol,53,0.40458
SPRI,BIEL4023,3,Masonry Saws,Masonry Saws,Landscaping Equipment,52,0.396947
SPRI,BIEL4023,3,Masonry Saws,Masonry Saws,Masonry Blades,86,0.656489
SPRI,BIEL4023,3,Masonry Saws,Masonry Saws,Masonry Saws,108,0.824427
SPRI,BIEL4023,3,Masonry Saws,Masonry Saws,Pumps - Hoses,55,0.419847
SPRI,BIEL4023,3,Masonry Saws,Masonry Saws,Pumps - Small,56,0.427481
SPRI,BIEL4023,3,Masonry Saws,Compaction - Rammers & Vibrating Plates,Air Accessories,38,0.35514
SPRI,BIEL4023,3,Masonry Saws,Compaction - Rammers & Vibrating Plates,Air Breakers,32,0.299065
SPRI,BIEL4023,3,Masonry Saws,Compaction - Rammers & Vibrating Plates,Air Breakers - Attachments,49,0.457944
SPRI,BIEL4023,3,Masonry Saws,Compaction - Rammers & Vibrating Plates,Compaction - Rammers & Vibrating Plates,94,0.878505
SPRI,BIEL4023,3,Masonry Saws,Compaction - Rammers & Vibrating Plates,Concrete Vibe Units,43,0.401869
SPRI,BIEL4023,3,Masonry Saws,Compaction - Rammers & Vibrating Plates,Demolition,54,0.504673
SPRI,BIEL4023,3,Masonry Saws,Compaction - Rammers & Vibrating Plates,Generators - Petrol,52,0.485981
SPRI,BIEL4023,3,Masonry Saws,Compaction - Rammers & Vibrating Plates,Landscaping Equipment,50,0.46729
SPRI,BIEL4023,3,Masonry Saws,Compaction - Rammers & Vibrating Plates,Masonry Blades,63,0.588785
SPRI,BIEL4023,3,Masonry Saws,Compaction - Rammers & Vibrating Plates,Masonry Saws,71,0.663551
SPRI,BIEL4023,3,Masonry Saws,Compaction - Rammers & Vibrating Plates,Pumps - Hoses,48,0.448598
SPRI,BIEL4023,3,Masonry Saws,Compaction - Rammers & Vibrating Plates,Pumps - Small,51,0.476636
SPRI,BIEL4023,3,Masonry Saws,Air Breakers - Attachments,Air Breakers - Attachments,48,0.75
SPRI,BIEL4023,3,Masonry Saws,Air Breakers - Attachments,Compaction - Rammers & Vibrating Plates,54,0.84375
SPRI,BIEL4023,3,Masonry Saws,Air Breakers - Attachments,Concrete Vibe Units,34,0.53125
SPRI,BIEL4023,3,Masonry Saws,Air Breakers - Attachments,Demolition,42,0.65625
SPRI,BIEL4023,3,Masonry Saws,Air Breakers - Attachments,Generators - Petrol,41,0.640625
SPRI,BIEL4023,3,Masonry Saws,Air Breakers - Attachments,Masonry Blades,46,0.71875
SPRI,BIEL4023,3,Masonry Saws,Air Breakers - Attachments,Masonry Saws,50,0.78125
SPRI,BIEL4023,3,Masonry Saws,Air Breakers - Attachments,Pumps - Hoses,33,0.515625
SPRI,BIEL4023,3,Masonry Saws,Air Breakers - Attachments,Pumps - Small,34,0.53125
SPRI,BIEL4023,3,Masonry Saws,Air Compressors - Diesel Small,Compaction - Rammers & Vibrating Plates,31,0.861111
SPRI,BIEL4023,3,Masonry Saws,Landscaping Equipment,Compaction - Rammers & Vibrating Plates,49,0.7
SPRI,BIEL4023,3,Masonry Saws,Landscaping Equipment,Concrete Vibe Units,32,0.457143
SPRI,BIEL4023,3,Masonry Saws,Landscaping Equipment,Landscaping Equipment,43,0.614286
SPRI,BIEL4023,3,Masonry Saws,Landscaping Equipment,Masonry Blades,41,0.585714
SPRI,BIEL4023,3,Masonry Saws,Landscaping Equipment,Masonry Saws,48,0.685714
SPRI,BIEL4023,3,Masonry Saws,Landscaping Equipment,Pumps - Small,31,0.442857
SPRI,BIEL4023,3,Masonry Saws,Demolition,Air Breakers - Attachments,41,0.577465
SPRI,BIEL4023,3,Masonry Saws,Demolition,Compaction - Rammers & Vibrating Plates,58,0.816901
SPRI,BIEL4023,3,Masonry Saws,Demolition,Concrete Vibe Units,34,0.478873
SPRI,BIEL4023,3,Masonry Saws,Demolition,Demolition,49,0.690141
SPRI,BIEL4023,3,Masonry Saws,Demolition,Generators - Petrol,43,0.605634
SPRI,BIEL4023,3,Masonry Saws,Demolition,Landscaping Equipment,36,0.507042
SPRI,BIEL4023,3,Masonry Saws,Demolition,Masonry Blades,48,0.676056
SPRI,BIEL4023,3,Masonry Saws,Demolition,Masonry Saws,53,0.746479
SPRI,BIEL4023,3,Masonry Saws,Demolition,Pumps - Hoses,33,0.464789
SPRI,BIEL4023,3,Masonry Saws,Demolition,Pumps - Small,34,0.478873
SPRI,BIEL4023,3,Masonry Saws,Generators - Petrol,Air Breakers - Attachments,40,0.645161
SPRI,BIEL4023,3,Masonry Saws,Generators - Petrol,Compaction - Rammers & Vibrating Plates,52,0.83871
SPRI,BIEL4023,3,Masonry Saws,Generators - Petrol,Concrete Vibe Units,34,0.548387
SPRI,BIEL4023,3,Masonry Saws,Generators - Petrol,Demolition,39,0.629032
SPRI,BIEL4023,3,Masonry Saws,Generators - Petrol,Generators - Petrol,50,0.806452
SPRI,BIEL4023,3,Masonry Saws,Generators - Petrol,Masonry Blades,43,0.693548
SPRI,BIEL4023,3,Masonry Saws,Generators - Petrol,Masonry Saws,48,0.774194
SPRI,BIEL4023,3,Masonry Saws,Generators - Petrol,Pumps - Hoses,32,0.516129
SPRI,BIEL4023,3,Masonry Saws,Generators - Petrol,Pumps - Small,32,0.516129
SPRI,BIEL4023,3,Masonry Saws,Masonry Blades,Air Accessories,37,0.345794
SPRI,BIEL4023,3,Masonry Saws,Masonry Blades,Air Breakers,32,0.299065
SPRI,BIEL4023,3,Masonry Saws,Masonry Blades,Air Breakers - Attachments,50,0.46729
SPRI,BIEL4023,3,Masonry Saws,Masonry Blades,Compaction - Rammers & Vibrating Plates,79,0.738318
SPRI,BIEL4023,3,Masonry Saws,Masonry Blades,Concrete Vibe Units,51,0.476636
SPRI,BIEL4023,3,Masonry Saws,Masonry Blades,Demolition,55,0.514019
SPRI,BIEL4023,3,Masonry Saws,Masonry Blades,Generators - Petrol,49,0.457944
SPRI,BIEL4023,3,Masonry Saws,Masonry Blades,Landscaping Equipment,45,0.420561
SPRI,BIEL4023,3,Masonry Saws,Masonry Blades,Masonry Blades,76,0.71028
SPRI,BIEL4023,3,Masonry Saws,Masonry Blades,Masonry Saws,86,0.803738
SPRI,BIEL4023,3,Masonry Saws,Masonry Blades,Pumps - Hoses,47,0.439252
SPRI,BIEL4023,3,Masonry Saws,Masonry Blades,Pumps - Small,49,0.457944
SPRI,BIEL4023,3,Masonry Saws,Pumps - Hoses,Compaction - Rammers & Vibrating Plates,48,0.774194
SPRI,BIEL4023,3,Masonry Saws,Pumps - Hoses,Concrete Vibe Units,38,0.612903
SPRI,BIEL4023,3,Masonry Saws,Pumps - Hoses,Demolition,34,0.548387
SPRI,BIEL4023,3,Masonry Saws,Pumps - Hoses,Landscaping Equipment,39,0.629032
SPRI,BIEL4023,3,Masonry Saws,Pumps - Hoses,Masonry Blades,45,0.725806
SPRI,BIEL4023,3,Masonry Saws,Pumps - Hoses,Masonry Saws,51,0.822581
SPRI,BIEL4023,3,Masonry Saws,Pumps - Hoses,Pumps - Hoses,40,0.645161
SPRI,BIEL4023,3,Masonry Saws,Pumps - Hoses,Pumps - Small,38,0.612903
SPRI,BIEL4023,3,Masonry Saws,Pumps - Small,Air Breakers - Attachments,31,0.5
SPRI,BIEL4023,3,Masonry Saws,Pumps - Small,Compaction - Rammers & Vibrating Plates,51,0.822581
SPRI,BIEL4023,3,Masonry Saws,Pumps - Small,Concrete Vibe Units,40,0.645161
SPRI,BIEL4023,3,Masonry Saws,Pumps - Small,Demolition,37,0.596774
SPRI,BIEL4023,3,Masonry Saws,Pumps - Small,Landscaping Equipment,39,0.629032
SPRI,BIEL4023,3,Masonry Saws,Pumps - Small,Masonry Blades,46,0.741935
SPRI,BIEL4023,3,Masonry Saws,Pumps - Small,Masonry Saws,51,0.822581
SPRI,BIEL4023,3,Masonry Saws,Pumps - Small,Pumps - Hoses,38,0.612903
SPRI,BIEL4023,3,Masonry Saws,Pumps - Small,Pumps - Small,40,0.645161
SPRI,BIEL4023,2,Concrete Vibe Units,Air Accessories,,35,0.330189
SPRI,BIEL4023,2,Concrete Vibe Units,Air Breakers,,31,0.292453
SPRI,BIEL4023,2,Concrete Vibe Units,Air Breakers - Attachments,,38,0.358491
SPRI,BIEL4023,2,Concrete Vibe Units,Compaction - Rammers & Vibrating Plates,,73,0.688679
SPRI,BIEL4023,2,Concrete Vibe Units,Concrete Vibe Units,,66,0.622642
SPRI,BIEL4023,2,Concrete Vibe Units,Demolition,,48,0.45283
SPRI,BIEL4023,2,Concrete Vibe Units,Generators - Petrol,,52,0.490566
SPRI,BIEL4023,2,Concrete Vibe Units,Landscaping Equipment,,52,0.490566
SPRI,BIEL4023,2,Concrete Vibe Units,Masonry Blades,,68,0.641509
SPRI,BIEL4023,2,Concrete Vibe Units,Masonry Saws,,71,0.669811
SPRI,BIEL4023,2,Concrete Vibe Units,Pumps - Hoses,,52,0.490566
SPRI,BIEL4023,2,Concrete Vibe Units,Pumps - Small,,50,0.471698
SPRI,BIEL4023,3,Concrete Vibe Units,Air Accessories,Masonry Saws,32,0.914286
SPRI,BIEL4023,3,Concrete Vibe Units,Air Breakers - Attachments,Compaction - Rammers & Vibrating Plates,33,0.868421
SPRI,BIEL4023,3,Concrete Vibe Units,Air Breakers - Attachments,Masonry Blades,35,0.921053
SPRI,BIEL4023,3,Concrete Vibe Units,Air Breakers - Attachments,Masonry Saws,36,0.947368
SPRI,BIEL4023,3,Concrete Vibe Units,Generators - Petrol,Compaction - Rammers & Vibrating Plates,40,0.769231
SPRI,BIEL4023,3,Concrete Vibe Units,Generators - Petrol,Generators - Petrol,37,0.711538
SPRI,BIEL4023,3,Concrete Vibe Units,Generators - Petrol,Masonry Blades,40,0.769231
SPRI,BIEL4023,3,Concrete Vibe Units,Generators - Petrol,Masonry Saws,43,0.826923
SPRI,BIEL4023,3,Concrete Vibe Units,Demolition,Compaction - Rammers & Vibrating Plates,36,0.75
SPRI,BIEL4023,3,Concrete Vibe Units,Demolition,Demolition,31,0.645833
SPRI,BIEL4023,3,Concrete Vibe Units,Demolition,Masonry Blades,38,0.791667
SPRI,BIEL4023,3,Concrete Vibe Units,Demolition,Masonry Saws,40,0.833333
SPRI,BIEL4023,3,Concrete Vibe Units,Compaction - Rammers & Vibrating Plates,Air Breakers - Attachments,31,0.424658
SPRI,BIEL4023,3,Concrete Vibe Units,Compaction - Rammers & Vibrating Plates,Compaction - Rammers & Vibrating Plates,64,0.876712
SPRI,BIEL4023,3,Concrete Vibe Units,Compaction - Rammers & Vibrating Plates,Concrete Vibe Units,34,0.465753
SPRI,BIEL4023,3,Concrete Vibe Units,Compaction - Rammers & Vibrating Plates,Demolition,38,0.520548
SPRI,BIEL4023,3,Concrete Vibe Units,Compaction - Rammers & Vibrating Plates,Generators - Petrol,34,0.465753
SPRI,BIEL4023,3,Concrete Vibe Units,Compaction - Rammers & Vibrating Plates,Landscaping Equipment,40,0.547945
SPRI,BIEL4023,3,Concrete Vibe Units,Compaction - Rammers & Vibrating Plates,Masonry Blades,55,0.753425
SPRI,BIEL4023,3,Concrete Vibe Units,Compaction - Rammers & Vibrating Plates,Masonry Saws,57,0.780822
SPRI,BIEL4023,3,Concrete Vibe Units,Compaction - Rammers & Vibrating Plates,Pumps - Hoses,36,0.493151
SPRI,BIEL4023,3,Concrete Vibe Units,Compaction - Rammers & Vibrating Plates,Pumps - Small,37,0.506849
SPRI,BIEL4023,3,Concrete Vibe Units,Concrete Vibe Units,Compaction - Rammers & Vibrating Plates,48,0.727273
SPRI,BIEL4023,3,Concrete Vibe Units,Concrete Vibe Units,Concrete Vibe Units,45,0.681818
SPRI,BIEL4023,3,Concrete Vibe Units,Concrete Vibe Units,Demolition,31,0.469697
SPRI,BIEL4023,3,Concrete Vibe Units,Concrete Vibe Units,Generators - Petrol,34,0.515152
SPRI,BIEL4023,3,Concrete Vibe Units,Concrete Vibe Units,Landscaping Equipment,34,0.515152
SPRI,BIEL4023,3,Concrete Vibe Units,Concrete Vibe Units,Masonry Blades,45,0.681818
SPRI,BIEL4023,3,Concrete Vibe Units,Concrete Vibe Units,Masonry Saws,47,0.712121
SPRI,BIEL4023,3,Concrete Vibe Units,Concrete Vibe Units,Pumps - Hoses,37,0.560606
SPRI,BIEL4023,3,Concrete Vibe Units,Concrete Vibe Units,Pumps - Small,36,0.545455
SPRI,BIEL4023,3,Concrete Vibe Units,Landscaping Equipment,Compaction - Rammers & Vibrating Plates,33,0.634615
SPRI,BIEL4023,3,Concrete Vibe Units,Landscaping Equipment,Landscaping Equipment,32,0.615385
SPRI,BIEL4023,3,Concrete Vibe Units,Landscaping Equipment,Masonry Blades,33,0.634615
SPRI,BIEL4023,3,Concrete Vibe Units,Landscaping Equipment,Masonry Saws,35,0.673077
SPRI,BIEL4023,3,Concrete Vibe Units,Masonry Blades,Compaction - Rammers & Vibrating Plates,51,0.75
SPRI,BIEL4023,3,Concrete Vibe Units,Masonry Blades,Concrete Vibe Units,41,0.602941
SPRI,BIEL4023,3,Concrete Vibe Units,Masonry Blades,Demolition,34,0.5
SPRI,BIEL4023,3,Concrete Vibe Units,Masonry Blades,Generators - Petrol,37,0.544118
SPRI,BIEL4023,3,Concrete Vibe Units,Masonry Blades,Landscaping Equipment,37,0.544118
SPRI,BIEL4023,3,Concrete Vibe Units,Masonry Blades,Masonry Blades,52,0.764706
SPRI,BIEL4023,3,Concrete Vibe Units,Masonry Blades,Masonry Saws,55,0.808824
SPRI,BIEL4023,3,Concrete Vibe Units,Masonry Blades,Pumps - Hoses,31,0.455882
SPRI,BIEL4023,3,Concrete Vibe Units,Masonry Blades,Pumps - Small,32,0.470588
SPRI,BIEL4023,3,Concrete Vibe Units,Masonry Saws,Compaction - Rammers & Vibrating Plates,54,0.760563
SPRI,BIEL4023,3,Concrete Vibe Units,Masonry Saws,Concrete Vibe Units,42,0.591549
SPRI,BIEL4023,3,Concrete Vibe Units,Masonry Saws,Demolition,36,0.507042
SPRI,BIEL4023,3,Concrete Vibe Units,Masonry Saws,Generators - Petrol,37,0.521127
SPRI,BIEL4023,3,Concrete Vibe Units,Masonry Saws,Landscaping Equipment,38,0.535211
SPRI,BIEL4023,3,Concrete Vibe Units,Masonry Saws,Masonry Blades,54,0.760563
SPRI,BIEL4023,3,Concrete Vibe Units,Masonry Saws,Masonry Saws,60,0.84507
SPRI,BIEL4023,3,Concrete Vibe Units,Masonry Saws,Pumps - Hoses,34,0.478873
SPRI,BIEL4023,3,Concrete Vibe Units,Masonry Saws,Pumps - Small,34,0.478873
SPRI,BIEL4023,3,Concrete Vibe Units,Pumps - Hoses,Compaction - Rammers & Vibrating Plates,40,0.769231
SPRI,BIEL4023,3,Concrete Vibe Units,Pumps - Hoses,Landscaping Equipment,32,0.615385
SPRI,BIEL4023,3,Concrete Vibe Units,Pumps - Hoses,Masonry Blades,34,0.653846
SPRI,BIEL4023,3,Concrete Vibe Units,Pumps - Hoses,Masonry Saws,38,0.730769
SPRI,BIEL4023,3,Concrete Vibe Units,Pumps - Hoses,Pumps - Hoses,33,0.634615
SPRI,BIEL4023,3,Concrete Vibe Units,Pumps - Hoses,Pumps - Small,31,0.596154
SPRI,BIEL4023,3,Concrete Vibe Units,Pumps - Small,Compaction - Rammers & Vibrating Plates,39,0.78
SPRI,BIEL4023,3,Concrete Vibe Units,Pumps - Small,Masonry Blades,32,0.64
SPRI,BIEL4023,3,Concrete Vibe Units,Pumps - Small,Masonry Saws,36,0.72
SPRI,BIEL4023,3,Concrete Vibe Units,Pumps - Small,Pumps - Small,33,0.66
SPRI,BIEL4023,2,Landscaping Equipment,Air Accessories,,35,0.253623
SPRI,BIEL4023,2,Landscaping Equipment,Air Breakers,,31,0.224638
SPRI,BIEL4023,2,Landscaping Equipment,Air Breakers - Attachments,,39,0.282609
SPRI,BIEL4023,2,Landscaping Equipment,Compaction - Rammers & Vibrating Plates,,74,0.536232
SPRI,BIEL4023,2,Landscaping Equipment,Concrete Vibe Units,,50,0.362319
SPRI,BIEL4023,2,Landscaping Equipment,Demolition,,46,0.333333
SPRI,BIEL4023,2,Landscaping Equipment,Generators - Petrol,,42,0.304348
SPRI,BIEL4023,2,Landscaping Equipment,Landscaping Equipment,,89,0.644928
SPRI,BIEL4023,2,Landscaping Equipment,Masonry Blades,,67,0.485507
SPRI,BIEL4023,2,Landscaping Equipment,Masonry Saws,,77,0.557971
SPRI,BIEL4023,2,Landscaping Equipment,Pumps - Hoses,,46,0.333333
SPRI,BIEL4023,2,Landscaping Equipment,Pumps - Small,,46,0.333333
SPRI,BIEL4023,3,Landscaping Equipment,Air Accessories,Masonry Blades,32,0.914286
SPRI,BIEL4023,3,Landscaping Equipment,Air Accessories,Masonry Saws,32,0.914286
SPRI,BIEL4023,3,Landscaping Equipment,Compaction - Rammers & Vibrating Plates,Air Breakers - Attachments,32,0.432432
SPRI,BIEL4023,3,Landscaping Equipment,Compaction - Rammers & Vibrating Plates,Compaction - Rammers & Vibrating Plates,64,0.864865
SPRI,BIEL4023,3,Landscaping Equipment,Compaction - Rammers & Vibrating Plates,Concrete Vibe Units,38,0.513514
SPRI,BIEL4023,3,Landscaping Equipment,Compaction - Rammers & Vibrating Plates,Demolition,35,0.472973
SPRI,BIEL4023,3,Landscaping Equipment,Compaction - Rammers & Vibrating Plates,Generators - Petrol,35,0.472973
SPRI,BIEL4023,3,Landscaping Equipment,Compaction - Rammers & Vibrating Plates,Landscaping Equipment,37,0.5
SPRI,BIEL4023,3,Landscaping Equipment,Compaction - Rammers & Vibrating Plates,Masonry Blades,52,0.702703
SPRI,BIEL4023,3,Landscaping Equipment,Compaction - Rammers & Vibrating Plates,Masonry Saws,57,0.77027
SPRI,BIEL4023,3,Landscaping Equipment,Compaction - Rammers & Vibrating Plates,Pumps - Hoses,35,0.472973
SPRI,BIEL4023,3,Landscaping Equipment,Compaction - Rammers & Vibrating Plates,Pumps - Small,33,0.445946
SPRI,BIEL4023,3,Landscaping Equipment,Air Breakers - Attachments,Compaction - Rammers & Vibrating Plates,36,0.923077
SPRI,BIEL4023,3,Landscaping Equipment,Air Breakers - Attachments,Masonry Blades,35,0.897436
SPRI,BIEL4023,3,Landscaping Equipment,Air Breakers - Attachments,Masonry Saws,35,0.897436
SPRI,BIEL4023,3,Landscaping Equipment,Concrete Vibe Units,Compaction - Rammers & Vibrating Plates,39,0.78
SPRI,BIEL4023,3,Landscaping Equipment,Concrete Vibe Units,Concrete Vibe Units,31,0.62
SPRI,BIEL4023,3,Landscaping Equipment,Concrete Vibe Units,Masonry Blades,39,0.78
SPRI,BIEL4023,3,Landscaping Equipment,Concrete Vibe Units,Masonry Saws,42,0.84
SPRI,BIEL4023,3,Landscaping Equipment,Masonry Blades,Compaction - Rammers & Vibrating Plates,51,0.761194
SPRI,BIEL4023,3,Landscaping Equipment,Masonry Blades,Concrete Vibe Units,35,0.522388
SPRI,BIEL4023,3,Landscaping Equipment,Masonry Blades,Demolition,32,0.477612
SPRI,BIEL4023,3,Landscaping Equipment,Masonry Blades,Landscaping Equipment,36,0.537313
SPRI,BIEL4023,3,Landscaping Equipment,Masonry Blades,Masonry Blades,48,0.716418
SPRI,BIEL4023,3,Landscaping Equipment,Masonry Blades,Masonry Saws,51,0.761194
SPRI,BIEL4023,3,Landscaping Equipment,Masonry Blades,Pumps - Hoses,33,0.492537
SPRI,BIEL4023,3,Landscaping Equipment,Demolition,Compaction - Rammers & Vibrating Plates,38,0.826087
SPRI,BIEL4023,3,Landscaping Equipment,Demolition,Masonry Blades,34,0.73913
SPRI,BIEL4023,3,Landscaping Equipment,Demolition,Masonry Saws,35,0.76087
SPRI,BIEL4023,3,Landscaping Equipment,Generators - Petrol,Compaction - Rammers & Vibrating Plates,36,0.857143
SPRI,BIEL4023,3,Landscaping Equipment,Generators - Petrol,Masonry Blades,36,0.857143
SPRI,BIEL4023,3,Landscaping Equipment,Generators - Petrol,Masonry Saws,38,0.904762
SPRI,BIEL4023,3,Landscaping Equipment,Landscaping Equipment,Compaction - Rammers & Vibrating Plates,44,0.494382
SPRI,BIEL4023,3,Landscaping Equipment,Landscaping Equipment,Concrete Vibe Units,31,0.348315
SPRI,BIEL4023,3,Landscaping Equipment,Landscaping Equipment,Landscaping Equipment,59,0.662921
SPRI,BIEL4023,3,Landscaping Equipment,Landscaping Equipment,Masonry Blades,46,0.516854
SPRI,BIEL4023,3,Landscaping Equipment,Landscaping Equipment,Masonry Saws,53,0.595506
SPRI,BIEL4023,3,Landscaping Equipment,Masonry Saws,Compaction - Rammers & Vibrating Plates,55,0.714286
SPRI,BIEL4023,3,Landscaping Equipment,Masonry Saws,Concrete Vibe Units,39,0.506494
SPRI,BIEL4023,3,Landscaping Equipment,Masonry Saws,Demolition,34,0.441558
SPRI,BIEL4023,3,Landscaping Equipment,Masonry Saws,Landscaping Equipment,40,0.519481
SPRI,BIEL4023,3,Landscaping Equipment,Masonry Saws,Masonry Blades,52,0.675325
SPRI,BIEL4023,3,Landscaping Equipment,Masonry Saws,Masonry Saws,58,0.753247
SPRI,BIEL4023,3,Landscaping Equipment,Masonry Saws,Pumps - Hoses,36,0.467532
SPRI,BIEL4023,3,Landscaping Equipment,Masonry Saws,Pumps - Small,34,0.441558
SPRI,BIEL4023,3,Landscaping Equipment,Pumps - Hoses,Compaction - Rammers & Vibrating Plates,36,0.782609
SPRI,BIEL4023,3,Landscaping Equipment,Pumps - Hoses,Masonry Blades,33,0.717391
SPRI,BIEL4023,3,Landscaping Equipment,Pumps - Hoses,Masonry Saws,36,0.782609
SPRI,BIEL4023,3,Landscaping Equipment,Pumps - Small,Compaction - Rammers & Vibrating Plates,38,0.826087
SPRI,BIEL4023,3,Landscaping Equipment,Pumps - Small,Masonry Blades,33,0.717391
SPRI,BIEL4023,3,Landscaping Equipment,Pumps - Small,Masonry Saws,36,0.782609
SPRI,BIEL4023,2,Masonry Blades,Air Accessories,,45,0.328467
SPRI,BIEL4023,2,Masonry Blades,Air Breakers,,37,0.270073
SPRI,BIEL4023,2,Masonry Blades,Air Breakers - Attachments,,58,0.423358
SPRI,BIEL4023,2,Masonry Blades,Air Compressors - Diesel Small,,35,0.255474
SPRI,BIEL4023,2,Masonry Blades,Compaction - Rammers & Vibrating Plates,,94,0.686131
SPRI,BIEL4023,2,Masonry Blades,Concrete Vibe Units,,61,0.445255
SPRI,BIEL4023,2,Masonry Blades,Demolition,,65,0.474453
SPRI,BIEL4023,2,Masonry Blades,Generators - Petrol,,58,0.423358
SPRI,BIEL4023,2,Masonry Blades,Landscaping Equipment,,62,0.452555
SPRI,BIEL4023,2,Masonry Blades,Masonry Blades,,96,0.70073
SPRI,BIEL4023,2,Masonry Blades,Masonry Saws,,105,0.766423
SPRI,BIEL4023,2,Masonry Blades,Pumps - Hoses,,54,0.394161
SPRI,BIEL4023,2,Masonry Blades,Pumps - Small,,55,0.40146
SPRI,BIEL4023,3,Masonry Blades,Air Accessories,Compaction - Rammers & Vibrating Plates,39,0.866667
SPRI,BIEL4023,3,Masonry Blades,Air Accessories,Masonry Blades,34,0.755556
SPRI,BIEL4023,3,Masonry Blades,Air Accessories,Masonry Saws,37,0.822222
SPRI,BIEL4023,3,Masonry Blades,Air Breakers - Attachments,Air Breakers - Attachments,44,0.758621
SPRI,BIEL4023,3,Masonry Blades,Air Breakers - Attachments,Compaction - Rammers & Vibrating Plates,49,0.844828
SPRI,BIEL4023,3,Masonry Blades,Air Breakers - Attachments,Demolition,40,0.689655
SPRI,BIEL4023,3,Masonry Blades,Air Breakers - Attachments,Generators - Petrol,37,0.637931
SPRI,BIEL4023,3,Masonry Blades,Air Breakers - Attachments,Masonry Blades,43,0.741379
SPRI,BIEL4023,3,Masonry Blades,Air Breakers - Attachments,Masonry Saws,46,0.793103
SPRI,BIEL4023,3,Masonry Blades,Air Breakers - Attachments,Pumps - Small,31,0.534483
SPRI,BIEL4023,3,Masonry Blades,Air Breakers,Compaction - Rammers & Vibrating Plates,32,0.864865
SPRI,BIEL4023,3,Masonry Blades,Compaction - Rammers & Vibrating Plates,Air Accessories,36,0.382979
SPRI,BIEL4023,3,Masonry Blades,Compaction - Rammers & Vibrating Plates,Air Breakers - Attachments,44,0.468085
SPRI,BIEL4023,3,Masonry Blades,Compaction - Rammers & Vibrating Plates,Compaction - Rammers & Vibrating Plates,83,0.882979
SPRI,BIEL4023,3,Masonry Blades,Compaction - Rammers & Vibrating Plates,Concrete Vibe Units,36,0.382979
SPRI,BIEL4023,3,Masonry Blades,Compaction - Rammers & Vibrating Plates,Demolition,49,0.521277
SPRI,BIEL4023,3,Masonry Blades,Compaction - Rammers & Vibrating Plates,Generators - Petrol,49,0.521277
SPRI,BIEL4023,3,Masonry Blades,Compaction - Rammers & Vibrating Plates,Landscaping Equipment,47,0.5
SPRI,BIEL4023,3,Masonry Blades,Compaction - Rammers & Vibrating Plates,Masonry Blades,57,0.606383
SPRI,BIEL4023,3,Masonry Blades,Compaction - Rammers & Vibrating Plates,Masonry Saws,64,0.680851
SPRI,BIEL4023,3,Masonry Blades,Compaction - Rammers & Vibrating Plates,Pumps - Hoses,42,0.446809
SPRI,BIEL4023,3,Masonry Blades,Compaction - Rammers & Vibrating Plates,Pumps - Small,45,0.478723
SPRI,BIEL4023,3,Masonry Blades,Landscaping Equipment,Compaction - Rammers & Vibrating Plates,48,0.774194
SPRI,BIEL4023,3,Masonry Blades,Landscaping Equipment,Landscaping Equipment,40,0.645161
SPRI,BIEL4023,3,Masonry Blades,Landscaping Equipment,Masonry Blades,39,0.629032
SPRI,BIEL4023,3,Masonry Blades,Landscaping Equipment,Masonry Saws,45,0.725806
SPRI,BIEL4023,3,Masonry Blades,Concrete Vibe Units,Compaction - Rammers & Vibrating Plates,50,0.819672
SPRI,BIEL4023,3,Masonry Blades,Concrete Vibe Units,Concrete Vibe Units,39,0.639344
SPRI,BIEL4023,3,Masonry Blades,Concrete Vibe Units,Demolition,34,0.557377
SPRI,BIEL4023,3,Masonry Blades,Concrete Vibe Units,Generators - Petrol,35,0.57377
SPRI,BIEL4023,3,Masonry Blades,Concrete Vibe Units,Landscaping Equipment,33,0.540984
SPRI,BIEL4023,3,Masonry Blades,Concrete Vibe Units,Masonry Blades,44,0.721311
SPRI,BIEL4023,3,Masonry Blades,Concrete Vibe Units,Masonry Saws,47,0.770492
SPRI,BIEL4023,3,Masonry Blades,Concrete Vibe Units,Pumps - Hoses,34,0.557377
SPRI,BIEL4023,3,Masonry Blades,Concrete Vibe Units,Pumps - Small,35,0.57377
SPRI,BIEL4023,3,Masonry Blades,Generators - Petrol,Air Accessories,31,0.534483
SPRI,BIEL4023,3,Masonry Blades,Generators - Petrol,Air Breakers - Attachments,37,0.637931
SPRI,BIEL4023,3,Masonry Blades,Generators - Petrol,Compaction - Rammers & Vibrating Plates,50,0.862069
SPRI,BIEL4023,3,Masonry Blades,Generators - Petrol,Concrete Vibe Units,31,0.534483
SPRI,BIEL4023,3,Masonry Blades,Generators - Petrol,Demolition,38,0.655172
SPRI,BIEL4023,3,Masonry Blades,Generators - Petrol,Generators - Petrol,47,0.810345
SPRI,BIEL4023,3,Masonry Blades,Generators - Petrol,Masonry Blades,40,0.689655
SPRI,BIEL4023,3,Masonry Blades,Generators - Petrol,Masonry Saws,44,0.758621
SPRI,BIEL4023,3,Masonry Blades,Demolition,Air Breakers - Attachments,37,0.569231
SPRI,BIEL4023,3,Masonry Blades,Demolition,Compaction - Rammers & Vibrating Plates,54,0.830769
SPRI,BIEL4023,3,Masonry Blades,Demolition,Demolition,45,0.692308
SPRI,BIEL4023,3,Masonry Blades,Demolition,Generators - Petrol,40,0.615385
SPRI,BIEL4023,3,Masonry Blades,Demolition,Landscaping Equipment,31,0.476923
SPRI,BIEL4023,3,Masonry Blades,Demolition,Masonry Blades,44,0.676923
SPRI,BIEL4023,3,Masonry Blades,Demolition,Masonry Saws,49,0.753846
SPRI,BIEL4023,3,Masonry Blades,Demolition,Pumps - Small,32,0.492308
SPRI,BIEL4023,3,Masonry Blades,Masonry Blades,Air Accessories,35,0.364583
SPRI,BIEL4023,3,Masonry Blades,Masonry Blades,Air Breakers - Attachments,46,0.479167
SPRI,BIEL4023,3,Masonry Blades,Masonry Blades,Compaction - Rammers & Vibrating Plates,72,0.75
SPRI,BIEL4023,3,Masonry Blades,Masonry Blades,Concrete Vibe Units,42,0.4375
SPRI,BIEL4023,3,Masonry Blades,Masonry Blades,Demolition,52,0.541667
SPRI,BIEL4023,3,Masonry Blades,Masonry Blades,Generators - Petrol,46,0.479167
SPRI,BIEL4023,3,Masonry Blades,Masonry Blades,Landscaping Equipment,40,0.416667
SPRI,BIEL4023,3,Masonry Blades,Masonry Blades,Masonry Blades,70,0.729167
SPRI,BIEL4023,3,Masonry Blades,Masonry Blades,Masonry Saws,78,0.8125
SPRI,BIEL4023,3,Masonry Blades,Masonry Blades,Pumps - Hoses,39,0.40625
SPRI,BIEL4023,3,Masonry Blades,Masonry Blades,Pumps - Small,41,0.427083
SPRI,BIEL4023,3,Masonry Blades,Masonry Saws,Air Accessories,36,0.342857
SPRI,BIEL4023,3,Masonry Blades,Masonry Saws,Air Breakers,31,0.295238
SPRI,BIEL4023,3,Masonry Blades,Masonry Saws,Air Breakers - Attachments,49,0.466667
SPRI,BIEL4023,3,Masonry Blades,Masonry Saws,Compaction - Rammers & Vibrating Plates,79,0.752381
SPRI,BIEL4023,3,Masonry Blades,Masonry Saws,Concrete Vibe Units,43,0.409524
SPRI,BIEL4023,3,Masonry Blades,Masonry Saws,Demolition,55,0.52381
SPRI,BIEL4023,3,Masonry Blades,Masonry Saws,Generators - Petrol,49,0.466667
SPRI,BIEL4023,3,Masonry Blades,Masonry Saws,Landscaping Equipment,43,0.409524
SPRI,BIEL4023,3,Masonry Blades,Masonry Saws,Masonry Blades,74,0.704762
SPRI,BIEL4023,3,Masonry Blades,Masonry Saws,Masonry Saws,88,0.838095
SPRI,BIEL4023,3,Masonry Blades,Masonry Saws,Pumps - Hoses,42,0.4
SPRI,BIEL4023,3,Masonry Blades,Masonry Saws,Pumps - Small,45,0.428571
SPRI,BIEL4023,3,Masonry Blades,Pumps - Hoses,Compaction - Rammers & Vibrating Plates,42,0.777778
SPRI,BIEL4023,3,Masonry Blades,Pumps - Hoses,Concrete Vibe Units,34,0.62963
SPRI,BIEL4023,3,Masonry Blades,Pumps - Hoses,Demolition,31,0.574074
SPRI,BIEL4023,3,Masonry Blades,Pumps - Hoses,Landscaping Equipment,35,0.648148
SPRI,BIEL4023,3,Masonry Blades,Pumps - Hoses,Masonry Blades,39,0.722222
SPRI,BIEL4023,3,Masonry Blades,Pumps - Hoses,Masonry Saws,43,0.796296
SPRI,BIEL4023,3,Masonry Blades,Pumps - Hoses,Pumps - Hoses,34,0.62963
SPRI,BIEL4023,3,Masonry Blades,Pumps - Hoses,Pumps - Small,34,0.62963
SPRI,BIEL4023,3,Masonry Blades,Pumps - Small,Compaction - Rammers & Vibrating Plates,45,0.818182
SPRI,BIEL4023,3,Masonry Blades,Pumps - Small,Concrete Vibe Units,35,0.636364
SPRI,BIEL4023,3,Masonry Blades,Pumps - Small,Demolition,33,0.6
SPRI,BIEL4023,3,Masonry Blades,Pumps - Small,Landscaping Equipment,35,0.636364
SPRI,BIEL4023,3,Masonry Blades,Pumps - Small,Masonry Blades,40,0.727273
SPRI,BIEL4023,3,Masonry Blades,Pumps - Small,Masonry Saws,44,0.8
SPRI,BIEL4023,3,Masonry Blades,Pumps - Small,Pumps - Hoses,33,0.6
SPRI,BIEL4023,3,Masonry Blades,Pumps - Small,Pumps - Small,36,0.654545
SPRI,BIEL4023,2,Air Breakers,Air Breakers - Attachments,,35,0.564516
SPRI,BIEL4023,2,Air Breakers,Compaction - Rammers & Vibrating Plates,,45,0.725806
SPRI,BIEL4023,2,Air Breakers,Concrete Vibe Units,,32,0.516129
SPRI,BIEL4023,2,Air Breakers,Demolition,,37,0.596774
SPRI,BIEL4023,2,Air Breakers,Generators - Petrol,,32,0.516129
SPRI,BIEL4023,2,Air Breakers,Landscaping Equipment,,34,0.548387
SPRI,BIEL4023,2,Air Breakers,Masonry Blades,,42,0.677419
SPRI,BIEL4023,2,Air Breakers,Masonry Saws,,44,0.709677
SPRI,BIEL4023,3,Air Breakers,Compaction - Rammers & Vibrating Plates,Compaction - Rammers & Vibrating Plates,41,0.911111
SPRI,BIEL4023,3,Air Breakers,Compaction - Rammers & Vibrating Plates,Masonry Blades,33,0.733333
SPRI,BIEL4023,3,Air Breakers,Compaction - Rammers & Vibrating Plates,Masonry Saws,34,0.755556
SPRI,BIEL4023,3,Air Breakers,Demolition,Compaction - Rammers & Vibrating Plates,31,0.837838
SPRI,BIEL4023,3,Air Breakers,Masonry Saws,Compaction - Rammers & Vibrating Plates,36,0.818182
SPRI,BIEL4023,3,Air Breakers,Masonry Saws,Demolition,31,0.704545
SPRI,BIEL4023,3,Air Breakers,Masonry Saws,Masonry Blades,33,0.75
SPRI,BIEL4023,3,Air Breakers,Masonry Saws,Masonry Saws,34,0.772727
SPRI,BIEL4023,3,Air Breakers,Masonry Blades,Compaction - Rammers & Vibrating Plates,32,0.761905
SPRI,BIEL4023,3,Air Breakers,Masonry Blades,Demolition,31,0.738095
SPRI,BIEL4023,2,Air Compressors - Diesel Small,Compaction - Rammers & Vibrating Plates,,40,0.740741
SPRI,BIEL4023,2,Air Compressors - Diesel Small,Concrete Vibe Units,,31,0.574074
SPRI,BIEL4023,2,Air Compressors - Diesel Small,Demolition,,31,0.574074
SPRI,BIEL4023,2,Air Compressors - Diesel Small,Masonry Blades,,38,0.703704
SPRI,BIEL4023,2,Air Compressors - Diesel Small,Masonry Saws,,40,0.740741
SPRI,BIEL4023,3,Air Compressors - Diesel Small,Compaction - Rammers & Vibrating Plates,Compaction - Rammers & Vibrating Plates,35,0.875
SPRI,BIEL4023,3,Air Compressors - Diesel Small,Masonry Saws,Compaction - Rammers & Vibrating Plates,33,0.825
SPRI,BIEL4023,2,Generators - Petrol,Air Accessories,,38,0.368932
SPRI,BIEL4023,2,Generators - Petrol,Air Breakers,,32,0.31068
SPRI,BIEL4023,2,Generators - Petrol,Air Breakers - Attachments,,57,0.553398
SPRI,BIEL4023,2,Generators - Petrol,Air Compressors - Diesel Small,,31,0.300971
SPRI,BIEL4023,2,Generators - Petrol,Compaction - Rammers & Vibrating Plates,,72,0.699029
SPRI,BIEL4023,2,Generators - Petrol,Concrete Vibe Units,,48,0.466019
SPRI,BIEL4023,2,Generators - Petrol,Demolition,,58,0.563107
SPRI,BIEL4023,2,Generators - Petrol,Generators - Petrol,,78,0.757282
SPRI,BIEL4023,2,Generators - Petrol,Landscaping Equipment,,40,0.38835
SPRI,BIEL4023,2,Generators - Petrol,Masonry Blades,,61,0.592233
SPRI,BIEL4023,2,Generators - Petrol,Masonry Saws,,67,0.650485
SPRI,BIEL4023,2,Generators - Petrol,Pumps - Hoses,,40,0.38835
SPRI,BIEL4023,2,Generators - Petrol,Pumps - Small,,42,0.407767
SPRI,BIEL4023,3,Generators - Petrol,Air Accessories,Compaction - Rammers & Vibrating Plates,32,0.842105
SPRI,BIEL4023,3,Generators - Petrol,Air Accessories,Masonry Blades,31,0.815789
SPRI,BIEL4023,3,Generators - Petrol,Air Accessories,Masonry Saws,34,0.894737
SPRI,BIEL4023,3,Generators - Petrol,Compaction - Rammers & Vibrating Plates,Air Accessories,32,0.444444
SPRI,BIEL4023,3,Generators - Petrol,Compaction - Rammers & Vibrating Plates,Air Breakers - Attachments,42,0.583333
SPRI,BIEL4023,3,Generators - Petrol,Compaction - Rammers & Vibrating Plates,Compaction - Rammers & Vibrating Plates,63,0.875
SPRI,BIEL4023,3,Generators - Petrol,Compaction - Rammers & Vibrating Plates,Concrete Vibe Units,37,0.513889
SPRI,BIEL4023,3,Generators - Petrol,Compaction - Rammers & Vibrating Plates,Demolition,42,0.583333
SPRI,BIEL4023,3,Generators - Petrol,Compaction - Rammers & Vibrating Plates,Generators - Petrol,43,0.597222
SPRI,BIEL4023,3,Generators - Petrol,Compaction - Rammers & Vibrating Plates,Landscaping Equipment,37,0.513889
SPRI,BIEL4023,3,Generators - Petrol,Compaction - Rammers & Vibrating Plates,Masonry Blades,51,0.708333
SPRI,BIEL4023,3,Generators - Petrol,Compaction - Rammers & Vibrating Plates,Masonry Saws,56,0.777778
SPRI,BIEL4023,3,Generators - Petrol,Compaction - Rammers & Vibrating Plates,Pumps - Hoses,32,0.444444
SPRI,BIEL4023,3,Generators - Petrol,Compaction - Rammers & Vibrating Plates,Pumps - Small,32,0.444444
SPRI,BIEL4023,3,Generators - Petrol,Demolition,Air Breakers - Attachments,40,0.689655
SPRI,BIEL4023,3,Generators - Petrol,Demolition,Compaction - Rammers & Vibrating Plates,47,0.810345
SPRI,BIEL4023,3,Generators - Petrol,Demolition,Demolition,42,0.724138
SPRI,BIEL4023,3,Generators - Petrol,Demolition,Generators - Petrol,36,0.62069
SPRI,BIEL4023,3,Generators - Petrol,Demolition,Masonry Blades,41,0.706897
SPRI,BIEL4023,3,Generators - Petrol,Demolition,Masonry Saws,48,0.827586
SPRI,BIEL4023,3,Generators - Petrol,Landscaping Equipment,Compaction - Rammers & Vibrating Plates,35,0.875
SPRI,BIEL4023,3,Generators - Petrol,Landscaping Equipment,Masonry Saws,32,0.8
SPRI,BIEL4023,3,Generators - Petrol,Air Breakers - Attachments,Air Breakers - Attachments,45,0.789474
SPRI,BIEL4023,3,Generators - Petrol,Air Breakers - Attachments,Compaction - Rammers & Vibrating Plates,47,0.824561
SPRI,BIEL4023,3,Generators - Petrol,Air Breakers - Attachments,Concrete Vibe Units,31,0.54386
SPRI,BIEL4023,3,Generators - Petrol,Air Breakers - Attachments,Demolition,40,0.701754
SPRI,BIEL4023,3,Generators - Petrol,Air Breakers - Attachments,Generators - Petrol,35,0.614035
SPRI,BIEL4023,3,Generators - Petrol,Air Breakers - Attachments,Masonry Blades,39,0.684211
SPRI,BIEL4023,3,Generators - Petrol,Air Breakers - Attachments,Masonry Saws,45,0.789474
SPRI,BIEL4023,3,Generators - Petrol,Generators - Petrol,Air Breakers - Attachments,43,0.551282
SPRI,BIEL4023,3,Generators - Petrol,Generators - Petrol,Compaction - Rammers & Vibrating Plates,55,0.705128
SPRI,BIEL4023,3,Generators - Petrol,Generators - Petrol,Concrete Vibe Units,40,0.512821
SPRI,BIEL4023,3,Generators - Petrol,Generators - Petrol,Demolition,42,0.538462
SPRI,BIEL4023,3,Generators - Petrol,Generators - Petrol,Generators - Petrol,60,0.769231
SPRI,BIEL4023,3,Generators - Petrol,Generators - Petrol,Landscaping Equipment,33,0.423077
SPRI,BIEL4023,3,Generators - Petrol,Generators - Petrol,Masonry Blades,46,0.589744
SPRI,BIEL4023,3,Generators - Petrol,Generators - Petrol,Masonry Saws,52,0.666667
SPRI,BIEL4023,3,Generators - Petrol,Concrete Vibe Units,Compaction - Rammers & Vibrating Plates,36,0.75
SPRI,BIEL4023,3,Generators - Petrol,Concrete Vibe Units,Concrete Vibe Units,36,0.75
SPRI,BIEL4023,3,Generators - Petrol,Concrete Vibe Units,Generators - Petrol,32,0.666667
SPRI,BIEL4023,3,Generators - Petrol,Concrete Vibe Units,Masonry Blades,33,0.6875
SPRI,BIEL4023,3,Generators - Petrol,Concrete Vibe Units,Masonry Saws,36,0.75
SPRI,BIEL4023,3,Generators - Petrol,Masonry Blades,Air Breakers - Attachments,37,0.606557
SPRI,BIEL4023,3,Generators - Petrol,Masonry Blades,Compaction - Rammers & Vibrating Plates,49,0.803279
SPRI,BIEL4023,3,Generators - Petrol,Masonry Blades,Concrete Vibe Units,34,0.557377
SPRI,BIEL4023,3,Generators - Petrol,Masonry Blades,Demolition,36,0.590164
SPRI,BIEL4023,3,Generators - Petrol,Masonry Blades,Generators - Petrol,35,0.57377
SPRI,BIEL4023,3,Generators - Petrol,Masonry Blades,Landscaping Equipment,33,0.540984
SPRI,BIEL4023,3,Generators - Petrol,Masonry Blades,Masonry Blades,50,0.819672
SPRI,BIEL4023,3,Generators - Petrol,Masonry Blades,Masonry Saws,56,0.918033
SPRI,BIEL4023,3,Generators - Petrol,Masonry Saws,Air Breakers - Attachments,40,0.597015
SPRI,BIEL4023,3,Generators - Petrol,Masonry Saws,Compaction - Rammers & Vibrating Plates,55,0.820896
SPRI,BIEL4023,3,Generators - Petrol,Masonry Saws,Concrete Vibe Units,37,0.552239
SPRI,BIEL4023,3,Generators - Petrol,Masonry Saws,Demolition,39,0.58209
SPRI,BIEL4023,3,Generators - Petrol,Masonry Saws,Generators - Petrol,39,0.58209
SPRI,BIEL4023,3,Generators - Petrol,Masonry Saws,Landscaping Equipment,36,0.537313
SPRI,BIEL4023,3,Generators - Petrol,Masonry Saws,Masonry Blades,52,0.776119
SPRI,BIEL4023,3,Generators - Petrol,Masonry Saws,Masonry Saws,61,0.910448
SPRI,BIEL4023,3,Generators - Petrol,Masonry Saws,Pumps - Hoses,34,0.507463
SPRI,BIEL4023,3,Generators - Petrol,Masonry Saws,Pumps - Small,35,0.522388
SPRI,BIEL4023,3,Generators - Petrol,Pumps - Hoses,Compaction - Rammers & Vibrating Plates,32,0.8
SPRI,BIEL4023,3,Generators - Petrol,Pumps - Hoses,Masonry Saws,34,0.85
SPRI,BIEL4023,3,Generators - Petrol,Pumps - Small,Compaction - Rammers & Vibrating Plates,36,0.857143
SPRI,BIEL4023,3,Generators - Petrol,Pumps - Small,Masonry Blades,31,0.738095
SPRI,BIEL4023,3,Generators - Petrol,Pumps - Small,Masonry Saws,36,0.857143
SPRI,BIEL4023,2,Air Breakers - Attachments,Air Accessories,,37,0.389474
SPRI,BIEL4023,2,Air Breakers - Attachments,Air Breakers,,35,0.368421
SPRI,BIEL4023,2,Air Breakers - Attachments,Air Breakers - Attachments,,68,0.715789
SPRI,BIEL4023,2,Air Breakers - Attachments,Compaction - Rammers & Vibrating Plates,,72,0.757895
SPRI,BIEL4023,2,Air Breakers - Attachments,Concrete Vibe Units,,41,0.431579
SPRI,BIEL4023,2,Air Breakers - Attachments,Demolition,,57,0.6
SPRI,BIEL4023,2,Air Breakers - Attachments,Generators - Petrol,,51,0.536842
SPRI,BIEL4023,2,Air Breakers - Attachments,Landscaping Equipment,,38,0.4
SPRI,BIEL4023,2,Air Breakers - Attachments,Masonry Blades,,60,0.631579
SPRI,BIEL4023,2,Air Breakers - Attachments,Masonry Saws,,63,0.663158
SPRI,BIEL4023,2,Air Breakers - Attachments,Pumps - Hoses,,37,0.389474
SPRI,BIEL4023,2,Air Breakers - Attachments,Pumps - Small,,38,0.4
SPRI,BIEL4023,3,Air Breakers - Attachments,Landscaping Equipment,Compaction - Rammers & Vibrating Plates,34,0.894737
SPRI,BIEL4023,3,Air Breakers - Attachments,Air Breakers - Attachments,Air Breakers - Attachments,48,0.705882
SPRI,BIEL4023,3,Air Breakers - Attachments,Air Breakers - Attachments,Compaction - Rammers & Vibrating Plates,55,0.808824
SPRI,BIEL4023,3,Air Breakers - Attachments,Air Breakers - Attachments,Demolition,41,0.602941
SPRI,BIEL4023,3,Air Breakers - Attachments,Air Breakers - Attachments,Generators - Petrol,36,0.529412
SPRI,BIEL4023,3,Air Breakers - Attachments,Air Breakers - Attachments,Masonry Blades,37,0.544118
SPRI,BIEL4023,3,Air Breakers - Attachments,Air Breakers - Attachments,Masonry Saws,38,0.558824
SPRI,BIEL4023,3,Air Breakers - Attachments,Generators - Petrol,Air Breakers - Attachments,33,0.647059
SPRI,BIEL4023,3,Air Breakers - Attachments,Generators - Petrol,Compaction - Rammers & Vibrating Plates,42,0.823529
SPRI,BIEL4023,3,Air Breakers - Attachments,Generators - Petrol,Demolition,37,0.72549
SPRI,BIEL4023,3,Air Breakers - Attachments,Generators - Petrol,Generators - Petrol,41,0.803922
SPRI,BIEL4023,3,Air Breakers - Attachments,Generators - Petrol,Masonry Blades,34,0.666667
SPRI,BIEL4023,3,Air Breakers - Attachments,Generators - Petrol,Masonry Saws,37,0.72549
SPRI,BIEL4023,3,Air Breakers - Attachments,Demolition,Air Breakers - Attachments,37,0.649123
SPRI,BIEL4023,3,Air Breakers - Attachments,Demolition,Compaction - Rammers & Vibrating Plates,50,0.877193
SPRI,BIEL4023,3,Air Breakers - Attachments,Demolition,Demolition,44,0.77193
SPRI,BIEL4023,3,Air Breakers - Attachments,Demolition,Generators - Petrol,36,0.631579
SPRI,BIEL4023,3,Air Breakers - Attachments,Demolition,Masonry Blades,36,0.631579
SPRI,BIEL4023,3,Air Breakers - Attachments,Demolition,Masonry Saws,40,0.701754
SPRI,BIEL4023,3,Air Breakers - Attachments,Compaction - Rammers & Vibrating Plates,Air Accessories,34,0.472222
SPRI,BIEL4023,3,Air Breakers - Attachments,Compaction - Rammers & Vibrating Plates,Air Breakers - Attachments,42,0.583333
SPRI,BIEL4023,3,Air Breakers - Attachments,Compaction - Rammers & Vibrating Plates,Compaction - Rammers & Vibrating Plates,65,0.902778
SPRI,BIEL4023,3,Air Breakers - Attachments,Compaction - Rammers & Vibrating Plates,Demolition,44,0.611111
SPRI,BIEL4023,3,Air Breakers - Attachments,Compaction - Rammers & Vibrating Plates,Generators - Petrol,42,0.583333
SPRI,BIEL4023,3,Air Breakers - Attachments,Compaction - Rammers & Vibrating Plates,Landscaping Equipment,35,0.486111
SPRI,BIEL4023,3,Air Breakers - Attachments,Compaction - Rammers & Vibrating Plates,Masonry Blades,50,0.694444
SPRI,BIEL4023,3,Air Breakers - Attachments,Compaction - Rammers & Vibrating Plates,Masonry Saws,53,0.736111
SPRI,BIEL4023,3,Air Breakers - Attachments,Concrete Vibe Units,Compaction - Rammers & Vibrating Plates,35,0.853659
SPRI,BIEL4023,3,Air Breakers - Attachments,Concrete Vibe Units,Masonry Saws,31,0.756098
SPRI,BIEL4023,3,Air Breakers - Attachments,Masonry Blades,Air Breakers - Attachments,38,0.633333
SPRI,BIEL4023,3,Air Breakers - Attachments,Masonry Blades,Compaction - Rammers & Vibrating Plates,51,0.85
SPRI,BIEL4023,3,Air Breakers - Attachments,Masonry Blades,Demolition,40,0.666667
SPRI,BIEL4023,3,Air Breakers - Attachments,Masonry Blades,Generators - Petrol,35,0.583333
SPRI,BIEL4023,3,Air Breakers - Attachments,Masonry Blades,Landscaping Equipment,32,0.533333
SPRI,BIEL4023,3,Air Breakers - Attachments,Masonry Blades,Masonry Blades,47,0.783333
SPRI,BIEL4023,3,Air Breakers - Attachments,Masonry Blades,Masonry Saws,49,0.816667
SPRI,BIEL4023,3,Air Breakers - Attachments,Masonry Blades,Pumps - Small,31,0.516667
SPRI,BIEL4023,3,Air Breakers - Attachments,Masonry Saws,Air Breakers - Attachments,37,0.587302
SPRI,BIEL4023,3,Air Breakers - Attachments,Masonry Saws,Compaction - Rammers & Vibrating Plates,55,0.873016
SPRI,BIEL4023,3,Air Breakers - Attachments,Masonry Saws,Concrete Vibe Units,31,0.492063
SPRI,BIEL4023,3,Air Breakers - Attachments,Masonry Saws,Demolition,40,0.634921
SPRI,BIEL4023,3,Air Breakers - Attachments,Masonry Saws,Generators - Petrol,37,0.587302
SPRI,BIEL4023,3,Air Breakers - Attachments,Masonry Saws,Landscaping Equipment,33,0.52381
SPRI,BIEL4023,3,Air Breakers - Attachments,Masonry Saws,Masonry Blades,48,0.761905
SPRI,BIEL4023,3,Air Breakers - Attachments,Masonry Saws,Masonry Saws,52,0.825397
SPRI,BIEL4023,3,Air Breakers - Attachments,Masonry Saws,Pumps - Hoses,31,0.492063
SPRI,BIEL4023,3,Air Breakers - Attachments,Masonry Saws,Pumps - Small,34,0.539683
SPRI,BIEL4023,3,Air Breakers - Attachments,Pumps - Hoses,Compaction - Rammers & Vibrating Plates,33,0.891892
SPRI,BIEL4023,3,Air Breakers - Attachments,Pumps - Hoses,Masonry Saws,31,0.837838
SPRI,BIEL4023,3,Air Breakers - Attachments,Pumps - Small,Compaction - Rammers & Vibrating Plates,36,0.947368
SPRI,BIEL4023,3,Air Breakers - Attachments,Pumps - Small,Masonry Saws,32,0.842105
